"ASIANPAINT","BAJAJ-AUTO","BAJAJFINSV","ADANIPORTS","AXISBANK","BAJFINANCE","BHARTIARTL","BPCL","BRITANNIA","CIPLA","COALINDIA","DRREDDY","EICHERMOT","GAIL","GRASIM","HCLTECH","HDFC","HDFCBANK","HEROMOTOCO","HINDALCO","HINDUNILVR","ICICIBANK","INDUSINDBK","INFY","IOC","ITC","JSWSTEEL","KOTAKBANK","LT","M&M","MARUTI","NESTLEIND","NTPC","ONGC","POWERGRID","RELIANCE","SBIN","SHREECEM","SUNPHARMA","TATAMOTORS","TATASTEEL","TCS","TECHM","TITAN","ULTRACEMCO","UPL","VEDL","WIPRO","ZEEL"
1676.8,2442.15,4762.35,266.35,402.8,2079.65,532.5,347.9,3092.95,611.85,142.3,3939,13748.8,93.5,479.05,514.25,1724.35,923,2000.7,115.9,2082.65,338.05,423.05,673.7,79.75,174.05,163.55,1277.8,850.65,357.05,4886.3,17456.45,91.45,76.55,159.05,1435.2,178.85,18625,465.45,83.9,273.6,1930.45,502.45,891.85,3347.6,385.4,79.95,190.05,146.4
1619.15,2422.8,4629.2,263.1,389,2002.35,528.05,347.05,2978.75,596.9,138,3833.9,13810.95,91.1,471.45,520.4,1689.9,911.45,1965.35,115.9,2041.5,330.85,418.7,673.7,78.7,173.9,163.9,1238.35,836.9,368.15,4829.85,17421.5,92.6,78.45,163.65,1460.65,170.4,18512,456.3,80.9,272.65,1932.75,499.95,886.95,3284.35,387.05,78.9,184.2,148.4
1610.65,2471.85,4692.9,270.15,388.85,2106.25,546,343.8,2987.7,591.75,133.75,3852.5,13859.95,94.7,482.4,519.1,1732.15,946.4,2026.75,118.6,2010.2,341.4,425.5,665.9,76.55,163.9,165.8,1245.95,837.3,387.15,4843.25,17309.3,94.7,79.25,165.4,1460.75,171.1,18741.9,454.4,83.2,277.75,1903.6,506.85,876.45,3324.4,379,79.45,187.05,152.65
1594.3,2406.55,4673.4,282.4,397.35,2060.55,528.05,329.55,2915.35,589.55,130.8,3837.65,14010.5,91.5,485.2,511.75,1703.9,925,2000.3,117.65,1992.05,336.75,454.35,664.95,75.75,161,172.2,1199.8,822.85,400.65,4749.3,17142.45,90.45,75.6,161.75,1506.95,170.75,18432.4,452.2,82.5,275.85,1891.65,516.35,849.1,3252.85,368.4,78.55,184.1,147.35
1578.4,2419.05,4601,285.05,382.05,2024.15,530.05,324.75,2994.65,591.9,129,3984,13858.85,91.35,486.3,518.4,1689.7,929.05,1962.6,117.1,2089.45,337.7,440.35,674.2,74.35,158.25,168.65,1217.45,815.95,386.7,4654.15,17802.95,87,76,159,1561.8,166.65,18732.75,469,81.05,272.9,1893.4,536.2,832.85,3305.8,364.6,77.4,184,150.65
1569.6,2566.3,4558,289.7,379.55,2015.05,536.2,314.8,3053.95,586.05,128.45,3862,14288.95,92.05,504.45,527.55,1658.45,915.8,2088.65,119.75,2048,320.15,433.4,682.9,75.35,158.45,174.55,1188.45,821.6,390.1,4937.8,17562.1,86.65,77.05,158.8,1576.8,165.45,18914.9,463.85,86.1,276.2,1935.3,530.2,829.6,3360.75,368.1,79.6,184.7,155.4
1523.35,2628.85,4668.2,291.5,386.85,2069.7,559.85,312.5,3107.3,570.15,126.85,3773.4,14167.05,88.7,517.95,527.4,1674.1,901.55,2114.3,121.1,2011.55,321.2,446.2,687.65,74.9,165.05,178.2,1157.2,814.8,393.05,4951.3,17461.95,91.65,76.3,163.3,1479.25,166.9,19127.2,463.9,86.2,273.95,1949.5,533.25,846.45,3349.35,374.55,89.05,187.05,155.05
1563.3,2696,4816.4,309.35,414,2161.05,555.95,316.55,3079.55,570.2,130.6,3779.6,14271.65,89.35,522.95,528.75,1712.75,927.65,2187.6,123.55,1995.75,338.05,448.6,694.15,76,165.4,182.35,1186.7,862.9,413.05,5036.1,16512.35,93.05,78.2,166.65,1496.45,174.1,19763.25,452.35,87.2,276.55,1949.65,544.75,860.45,3546.7,389.65,90.25,189.7,165.15
1522.4,2702.65,4790.25,308.4,401.95,2112,539.85,309.7,3118.7,569.75,128.65,3732,14031.85,85.45,511.4,517.45,1632.4,893.7,2241.35,117.2,2006.05,327.4,428,658.15,75.15,163.8,175.2,1173.1,871.65,400.45,5114.05,16242.5,89.35,76.15,160.8,1435.95,167.95,19310.8,455.95,83.8,268.55,1902.35,515.7,846,3609.5,391.85,89.15,186,169.65
1552.95,2663.6,4723.25,309.25,388.55,2086.45,554.1,318.2,3125.65,570.3,129.6,3735.1,14099.6,85.8,517.85,511.25,1633.8,888.15,2193.55,119.25,2032.1,322.7,418.7,652.3,75.5,164.65,174.3,1178.3,864.4,381.3,5100.4,16443.8,90.85,76.15,159.8,1459.4,166.4,19180.5,448.6,84.35,273.45,1892.9,510.55,845.6,3583.15,378.9,92.95,183.8,164.2
1501.1,2477.45,4465.45,293.3,358.8,1938.6,538.05,294.05,3109.55,600.45,121.7,3679.15,12988.2,81,495.8,510.75,1512.05,836.65,2070.55,115.35,2005.25,298.5,376.75,663.9,71.55,164.75,163.25,1113.65,813.35,377.2,4720.95,16240.35,88.9,72.9,154.5,1440.75,155.3,18152.7,440.7,80.65,266.6,1945.6,504.05,817.3,3307.8,375.8,92.5,182.2,149.5
1503.95,2509.3,4535.45,319.2,354.5,1964.95,598.8,293.3,3104,594.95,123.6,3699.6,12966.2,81.85,511.85,518.25,1539.85,830.65,2073.5,117.3,1975.55,300.3,367.8,668.6,72.05,170.75,169.3,1130.45,796.35,382.9,4805.3,16150.3,91.05,77.15,158.05,1408.9,152.8,18340.75,441.7,81.8,272,1948.65,512.6,826.8,3438.15,339.65,90,184.4,150.25
1500.05,2557.75,4702.05,323.75,362.5,2042.8,594.05,308.9,3127.85,620.65,123.25,3910.2,13675.1,86.25,536.85,526.75,1627,857.1,2023.6,120.8,1990.85,305.65,357.3,669.55,74.1,175.75,171.05,1160.1,835,405.05,4891.95,16303.4,92.9,78,158.45,1433.7,153.4,19411.65,455.75,83.45,283.2,1953.6,519.2,848.7,3528.5,356.55,88.55,184.95,153.55
1574.3,2640.35,4539.2,317.15,357.2,1990.2,594.55,313.2,3110.95,616.6,124.5,3847.5,14087.6,87.95,526.95,534.85,1597.3,859.55,2119.5,129.5,1970.9,304.4,346.8,672.2,74.45,188.95,169.9,1150.25,820.5,408.3,5050.1,16295.45,90.25,77,158.9,1441.25,151.95,19251.15,466.45,84.1,283.7,1991.2,520.05,849.85,3571.5,366.8,90.2,189.1,153.95
1617.9,2553.75,4315.55,310.6,336.95,1895.3,593.2,315.2,3167.1,639.35,125.2,3892.85,13922.4,87.2,532.35,530.4,1516.15,838.85,2150.6,124.85,1987.9,291.05,338.35,692.35,75.5,186.35,166.15,1160.2,815.7,426.35,5134.3,16215.15,90.95,76.15,155.85,1431.55,150.85,19910.25,469.4,82.8,274.45,2020.35,529.65,849.65,3638.95,371.15,89.1,189,163.25
1629.85,2564.85,4097.25,315.6,341.3,1829,559.25,313.15,3163.85,627.7,127.25,3864.3,14805.1,88.15,532.65,524,1502.15,852.4,2113.65,129.1,1977.8,292.7,348.2,680.55,77.15,191.7,176.25,1153.2,825.55,429.15,5246.15,16655.15,93,77,157.35,1424.05,151.4,20667.3,459.15,83.1,280.45,1943,520.45,892.75,3786,367.05,87.9,188.8,165.2
1619.45,2580.55,4258.05,326.65,387,1936.45,563.1,329.45,3220.3,633.05,130.8,3883,14966.95,88.6,566.65,530.95,1570.4,903.65,2175.65,133.3,1998.1,318.85,368.95,705.45,77.55,192.15,184.8,1217.55,850.85,432.5,5244.4,16716.5,94.7,77.95,157.15,1445.55,158.6,20477.55,450.9,84.55,287.95,2005.3,523.75,885.85,3727.4,387.8,87.9,201.25,164.45
1643.6,2600,4285.95,331.8,390.95,1947.7,562.75,326.45,3323.25,628.35,133.9,3887.75,16236.5,89.1,576.5,542.65,1623.7,945.25,2298.1,138.4,2009.95,326.85,386.85,707.4,77.7,190.65,184.15,1229.45,905.5,440.4,5468.35,16989.15,95.7,78.85,157.25,1472.25,158.2,20808.9,459.1,87,295.5,2004.3,529.7,899.45,3809.2,391.1,89.95,199.35,180.7
1683.1,2710.5,4404.9,323.8,384.95,1953.65,552.6,342.8,3378.85,648.15,141.3,4071.25,16548.45,92.35,589.2,550.25,1658.9,951.65,2360.85,138.85,2057.35,331.95,393.65,691,83.2,197.35,184.2,1224,932.25,436.35,5610.8,17540.8,97.85,83.2,157.55,1464.4,161.3,20857.3,474.25,87,295.2,1972.35,530.45,890,3904.85,405.85,92.2,212.8,183.55
1693.25,2758.3,4763.2,329.35,396.95,2160.85,559.05,346.3,3434.85,642.5,148.55,3953.55,16985.75,91.95,583.5,559.75,1737.7,987.65,2326.3,139.15,2108.55,339.25,410.1,699.55,86.15,200.55,193.95,1248.4,928.15,461.1,5793.6,17183.45,97.9,83.95,158.85,1520.35,170.05,21069.35,465.4,89.55,315.2,2045.25,543.55,958.9,3815.7,419.3,93.65,215.05,185.9
1709.3,2796.1,5184.7,339.95,410.1,2346.2,558.1,341.6,3451,637.6,143.4,3895.3,17396.25,96.55,596.35,560.2,1813.55,1001,2318.25,141.15,2107.4,348.4,434.7,708.1,85.8,197.25,192.15,1342.9,945.45,462.85,5690.1,17014.45,96.75,84.3,165.05,1535.7,170.25,21201,473.1,96.5,319.4,2047.15,547.5,976.15,3834.25,424.7,96.9,215.85,198.95
1716.55,2783.4,5286.05,339.55,409.55,2411.9,551.65,349.05,3510.3,641.2,141.7,3962.4,17542.85,96.35,597.8,562.8,1835.65,1022.25,2300.2,143.35,2120.5,356.85,432.35,701.55,87,196.7,192.7,1386.55,961.3,485.1,5624,17407.55,94.7,86.3,164.55,1541.65,174.9,21630.1,476.15,98.75,317.4,2046.15,553.25,984.35,3855.9,419.1,96.7,211.35,195.7
1633.75,2817.25,5136.8,339.2,394.35,2313.05,572.45,357.25,3450.35,660.55,140.25,3998.9,17272.95,97.25,605.1,578.95,1764.3,1001.7,2329.25,142.65,2120.6,347.85,415.05,707.75,85.9,200.15,192,1334.4,930.7,478.45,5690.2,17196.6,95.15,84.9,169.25,1579.8,174.05,21396.65,494.85,98.5,319.95,2091.55,582.1,971.25,3803.9,422.05,104.4,216.25,205.6
1638.55,2776.3,5236.4,341.15,405.3,2390.35,584.35,369.6,3466.7,650.9,144.85,4024.9,17495.35,97.85,627.15,575.95,1766.6,1033.35,2340.65,149.25,2087.6,357.2,422.35,703.55,89.4,200,197.05,1337.8,955.25,484.2,5746.2,17096.85,97.95,86.95,171.45,1581.7,187.8,22089.6,494.25,110.75,338.95,2048.25,579.85,990.95,3869.55,439.4,105.3,218.75,206.2
1634.25,2801.05,5440.95,343.3,430.25,2507.25,585.15,394.1,3426.8,635.1,146.7,3967.6,16894.85,104.75,617.15,578.25,1760.8,1015.9,2384.3,146.35,2111.7,359.8,451.6,720.85,93.1,197.65,194.95,1336.75,961.35,470.85,5734.8,16836.2,98.55,90.95,172.35,1569.5,186.8,21180.9,489,115.45,333.6,2071.75,590,1025,3778.2,436.8,105.1,226.45,197.05
1642.05,2791.15,5310.8,346.05,420.05,2443.6,567.8,381.5,3415.7,640.05,144.3,4123.8,17026.85,101.1,611.9,572.85,1772.1,987.3,2387.3,142.6,2106.5,348.55,463.9,717.6,90.65,198.5,190.05,1304.15,953.3,478.75,5662.3,16552.55,98,90,170.55,1537.15,184.45,21009.8,500.75,111.45,332.2,2072.05,586.2,997.1,3791.35,430.6,104.6,218.35,192.4
1635.95,2717.2,5223,346.55,427.45,2435.65,567.1,378.95,3377,642.95,140.7,4112.5,17090.05,98.1,614.75,578.7,1809.3,991.85,2292.25,146.95,2119.6,353,499.6,715.85,89.95,199.05,190.95,1332.25,946.55,472.05,5675.6,16534.7,98.15,88.25,170.05,1572.15,187.7,21513.3,499.15,111.4,324,2108.75,590.5,977.25,3792.45,425,106.1,217,189.8
1610.6,2718.55,5158,338.65,413.45,2338.9,551.85,370.05,3370.35,635,137.7,4057.6,16442.8,95.55,590.6,578.05,1787.45,968.6,2309.95,144.4,2106.9,341.25,523.15,703.95,88.35,194.25,184.65,1298.7,930.45,474.55,5426.15,16608.25,98.05,86.9,171,1537.7,177.15,21251.2,473.65,106.15,313.15,2067.65,571.85,951.25,3704.9,417.45,101.05,212.9,175.95
1637.35,2782.15,5285.95,345.3,408,2450.15,560.1,373.9,3366.05,643.6,134.65,4007.95,16857.3,96.35,601.95,570.75,1792.2,982.75,2401.85,146.05,2107.25,344.2,528.45,692.05,88.3,193.9,188.95,1279.8,926.4,508.45,5561.75,16496.3,96.9,83.9,166.3,1588.8,179.15,22392.65,480.1,105.3,317.6,2039.5,554.7,977.7,3788.55,411.65,103.3,207.9,168.55
1618.2,2728.55,5103.6,339.75,389.6,2351.4,550.7,361,3357.2,643.65,132.1,4012.3,16481.95,99.65,581.9,578.95,1751.65,949.85,2348.15,145.8,2084.3,331.1,490.55,687.55,86.2,187.2,183.75,1248.9,899.9,508.15,5475.75,16400.3,93.2,84.1,163.25,1614.55,173.7,22117.25,485.8,100.5,306.2,2029.9,548.8,948.4,3744.8,405,102.4,213.8,165.5
1621.7,2718.45,5128.3,340.8,381.55,2365,544.9,359.75,3345.35,637.8,131.15,4005.45,16709.05,97.5,589.1,580.9,1821.9,990.4,2395.95,150.1,2076.35,342.95,481.8,701.2,84.85,185,190.05,1276.8,895.05,506.75,5502.2,16342.1,92.8,83.9,162.7,1617.7,172.9,22111.3,483.4,94.75,308.95,2045.8,533.3,958.05,3779.95,414.25,103.85,212.4,163.9
1595.4,2689.45,5036.95,341.3,389.6,2396,563.45,364.6,3401.45,640.35,129.45,3985.2,16796.85,96.25,583.85,575.85,1794.65,979.25,2363.3,148,2078.25,341.95,491.15,703.65,84.35,181.2,191.85,1243.8,884.8,497.6,5726.2,16198.15,91.5,84.2,159.5,1615.35,172.95,21635.4,485.65,95.4,308.2,2047.8,535.55,963,3809.2,420.8,102.1,217.8,165
1597.8,2678.35,5427.55,343.8,405.4,2525.95,560.9,370.25,3404.25,642.05,137.6,4007,17116.05,97.05,598.1,578.95,1855.95,1019.95,2364.95,150.8,2065.35,352,499.2,713.9,84.85,186.6,193.4,1303.35,896.65,506.6,5714.4,16178.95,92.7,83.6,165.45,1655.9,179.65,21866.1,484.25,96.35,318.1,2038.1,535.9,976,3844.25,427.9,107,218.15,174.4
1622.5,2674.35,5899.8,348.9,417.05,2698.6,572.5,380.55,3438.55,636.2,137.25,4005.6,17349.35,99.5,601.25,569.6,1835.1,1033.35,2355.85,151.05,2092.75,363.8,483.65,705.55,85.3,184.05,194.3,1302.5,898.2,500.05,5897.35,16094.85,93,85.75,171.4,1759.4,184.5,21678.95,488.1,102.5,320.55,2044.6,538.85,975.85,3836.35,436.9,105.25,222.05,172.95
1652.15,2855.75,6183.55,349.6,430.15,2840.3,581.05,385.15,3421.2,655.95,143.65,4032.85,17588.95,98.3,617.6,569.6,1819.4,1028.75,2412.6,150.1,2100.8,367.55,489.9,703.7,88.05,185,197.95,1355.35,907.45,498.75,5896,16140.8,95.3,84.85,178.6,1746.15,187.7,22017.6,493.2,102.65,325.7,2027.95,548.5,979.5,3825.25,446.2,110.05,218.05,177.05
1683.9,2862.15,6319.65,355.65,443.65,3025.5,578.8,392,3467.05,659.8,143.85,4108.85,17891.15,99.25,622.35,580.25,1838.1,1042.3,2418.85,158.35,2155.95,376.15,520.4,720.65,89.35,185.85,201.65,1389.9,967.6,516.4,5886.5,16548.45,100.75,85.65,187.45,1720.9,192.45,22756.25,500.45,104.4,332,2035.3,558.8,999.25,3942.8,463.1,110,220.6,181.95
1747.25,2817.25,6046.05,351.85,424.65,2934.45,557.35,378.55,3446.4,631.2,141.55,4042.65,18436.85,101.4,613.65,559.6,1797.75,1032.5,2493.8,151.4,2130.3,348.1,481.7,714.15,87.1,191.85,193.9,1343.9,955.55,515.35,5755.35,16707.95,97.05,83.1,178.5,1727.85,184.6,22566.25,484.4,104.8,326.05,2042.2,560.95,988.2,3821.6,444.95,109.45,218.2,174.1
1689,2820.45,6021.15,344,421.7,3005.35,559,370.25,3450.4,634.9,140.4,4006.6,18090.7,103.1,607.45,550.05,1777.8,1028.75,2559.7,146.6,2173.15,351,475.15,700.5,85.05,202.1,193.55,1381.7,943.1,507.25,5762.3,16787,96.1,81.6,179.35,1717.9,185.25,22068.8,487.65,103.8,323.1,2016.1,554.15,977.6,3802.35,442.9,111.25,218.2,172.35
1686.75,2867.6,5946.3,343.2,424.85,2903.5,560.4,393.65,3456.4,634.9,142.1,3998.6,18473.4,105.15,616.15,562.4,1769.35,1056.45,2540.45,151.05,2154.2,349.1,492.55,748.2,89.15,195.2,192.65,1340.1,962.2,501.4,5754.9,16677.5,97,84.15,179.2,1741.65,184.6,22523.85,479.95,101.4,323.85,2118.85,560.85,966.2,3860.6,440.25,109.95,225.45,176.25
1691.95,2859.5,5890.2,342.65,404.8,2857.95,567.1,383.35,3519.25,644.9,134.85,3973.85,18113.5,103.6,619.25,553.7,1741.15,1076.05,2504.05,145.85,2182.95,343.1,480,731.75,87.1,197.25,190.7,1355.65,936.6,507.45,5678.7,16724.85,94.9,82.4,178.25,1723.15,179.25,22341.95,482,99.45,320.85,2101.65,541.55,957.45,3807,431.9,107.95,219.7,172.05
1687.45,2826.05,5845.15,343.9,406.65,2831,559.85,374,3603.8,640.25,132.85,3944.95,18334.3,102.15,619.7,556.85,1754.65,1065.85,2546.95,146.2,2180,351.45,474.8,735.95,85.35,194.65,189.35,1360.45,943.65,510.7,5838.3,17174.45,95.8,81.35,174.85,1704.1,178.45,23051.05,472.95,98.25,326.7,2082.15,543.4,949.85,3893.55,425.2,106.4,219.65,171.1
1688,2842.05,6169.35,343.8,433.25,2953.9,560.15,380.15,3545.95,627.1,133.85,3911.45,18401.95,102.95,614.35,551.75,1835.15,1084.6,2547.45,147.55,2170.4,364.05,492.45,731.9,85.65,202.9,191.45,1356.75,924.3,498.95,5803.1,16798.85,93.6,80.45,173.45,1737.6,184.8,22663.5,468.15,100.75,323.7,2092.05,545.9,948.2,3898.6,446.95,107.7,219.05,175.4
1686.45,2879.35,6188.8,346.8,423.2,2964.25,558.45,383.5,3535.1,646.2,133.6,3920.55,18353.6,103.5,617.95,569.2,1889.45,1089.4,2671.4,147.75,2151.75,362.85,494.8,756.6,88.35,205.85,194.45,1352,941.3,529.7,5948.45,16789.35,93.4,81.85,175.1,1760.35,185.45,22762.85,473,101.55,334.9,2157.15,560.85,986.4,3914.95,442.45,106.4,224.2,174.4
1695.65,2932.4,6149.4,360.4,428.45,2931.5,581.45,385.4,3538.35,638.8,135.25,3921.45,18983.5,104.9,628.15,579.15,1885.2,1073.95,2738.25,146.4,2173.7,361,487.2,762.7,87.85,207.55,190.95,1353.8,944.25,530.5,5932.1,16695.6,94.5,82.4,177.6,1787.9,184.7,22872.65,476.85,103.45,329.9,2199.65,567.2,1003.5,3889.6,444.2,106.45,224.8,172.25
1708.85,2897.1,6285,359.45,434,3108.8,576.6,390.2,3624.45,634.6,135.85,3892,19250.95,103.7,641.15,578.7,1868.7,1103,2770.95,154.35,2161.6,361.85,495.9,764,87.95,199.8,193.75,1367.9,951.2,570.55,6123.6,16802,95.2,83.75,178,1851.8,188.05,23111.15,480.2,109,338.9,2263.2,581.55,1014.2,3930.9,456.6,110.25,222.65,175.05
1745.75,2847.15,6589.6,345.95,447.35,3351.95,567.15,379.85,3678.45,636.55,132.85,3823.5,19930.65,102.85,623.65,592.05,1886.75,1105.15,2749.3,152.3,2154.15,376.05,526.3,794.15,86.15,194.25,190.85,1368.25,943.6,560,6226.75,16912.4,92.55,81.95,173.1,1823.45,188.6,22824.1,479.25,109.05,330.3,2269.9,586.85,1016.25,3862,450.95,107.6,224.9,180.3
1686.25,2852.45,6405.4,340.6,444.15,3208.05,561.3,378.15,3685,634.4,132.85,3886.7,19391.7,102.7,608.5,574.9,1886.05,1110.35,2719.2,155,2186.05,368.95,552.6,774.7,86.95,196.3,195.35,1352.75,941.25,551.25,6044.4,16802.05,91,81.3,169.75,1798,191.9,22439.8,482.5,105.35,334.2,2218.9,583.45,991.15,3786.65,444,110.4,223.1,172.15
1717.25,2882,6569.2,343.15,453.75,3330,568.65,376.75,3673.6,639.05,130.4,3896.6,19483.25,105.55,616.65,588.25,1941.85,1124.95,2691.45,164.8,2175.85,370.35,556.55,781.7,86.5,195.45,197.45,1368.15,944.95,560.3,6002.35,16759.1,91.2,80.2,171.55,1824.25,199.1,22803.6,481.95,106.95,344.5,2204.35,577.3,991.6,3843.45,442.55,112,221.6,171.9
1703.5,2894.7,6483.8,334.95,439.6,3314.15,574.7,376.35,3726.65,638.9,131.2,3905.45,19447.85,102.4,611.45,582.25,1886,1105.1,2681.25,163.7,2223.8,360.35,539.25,781.85,86.15,194.35,193.3,1349.35,932.15,554.85,5955.65,16833.1,90.4,78.55,172.6,1878.05,195.6,22295.4,493.9,107.6,338.7,2222.35,569,961.85,3798.5,436.5,110.35,222.1,170.1
1705.65,2900,6461.45,332.2,440.05,3234.6,586.8,379.95,3796.8,638.35,130.5,3899.55,19655,101.1,611.75,602.6,1845.55,1080.25,2689.7,169.25,2265.25,353.6,539.65,797.05,87.4,197.55,198.4,1335.55,928.15,555.85,5988.85,16956.85,89.9,78.9,169.1,1935,192.7,22311.2,499.7,108,342.1,2220,600.05,966.35,3787.9,439.2,112.4,227.6,173.75
1688.4,2899.5,6243.45,320.4,417.7,3190.95,589.35,373.75,3735.25,632.3,128.25,3983.15,18850.15,99.05,596.7,591.35,1791.6,1058.85,2611.85,163.8,2234.75,345.55,510.8,783.25,86.4,195.9,194.05,1298.3,912.9,545.2,5771.75,16895.8,87.65,77.35,163.35,1917,186.05,22085.75,492.1,105.15,336.65,2171.95,598.3,973.8,3770.9,437.5,108.9,225,166.3
1671.65,2942.05,6168.45,315.15,426.65,3149.25,563.6,369.6,3723.25,638.2,128,4036.45,18562.55,96.95,588.9,615.2,1789.9,1053.15,2648.05,165.4,2275.15,345.8,503.55,830.95,85.65,198.7,194.9,1290,912.2,550.15,5801.3,16908.75,88.05,76.25,163.55,1844,183.8,21843.25,495.1,103.2,339.3,2233.9,615.3,967.95,3820.65,437.55,109.1,262.75,160.25
1693.2,2942.3,6264.9,311.2,434,3204.8,562.75,393.9,3854.75,674.5,126.15,4152.15,18639.55,96.75,583.05,627.75,1787.8,1062.55,2714.8,166.05,2287.85,344.65,518.6,911,84.25,193.85,201.15,1322.65,921.15,570.9,5875.35,17495.65,86.75,76.15,162.2,1843.4,186.25,21731.1,499.7,102.95,341.65,2234.75,599.4,961.35,3816.25,433.45,108.9,261.9,157.4
1717.9,2995,6361.6,313,433.1,3301.3,566.75,443.8,3785,689.1,130.6,4118.75,18810.8,100.85,592.1,623.15,1805.85,1098.45,2764.05,162.15,2334.55,353.8,520.8,903.15,86.9,194.05,206.75,1327.45,925.55,588.8,5919.5,17229.95,88.3,80.35,163.3,1911.7,188.2,22269.95,503.6,106.4,350.95,2200.75,599.7,997.85,3862.85,436.45,109.15,261.35,157.4
1751.6,3002.55,6620.15,317.3,434,3441.5,575.75,437.3,3982.65,674.35,133,4092.1,19187.65,100.2,603.15,648.6,1806.05,1133.05,2860.15,160.9,2330.95,363,528.75,934.3,88.3,192.7,206.8,1319.05,919.6,594,5867.5,17247,87.15,80.3,163.5,1919.9,190.75,22266.1,483.8,105.05,352.4,2207.9,622.85,1001.7,3865.1,453.65,108.1,270.8,154.75
1724.25,3004.3,6384.35,314.7,446.2,3292.45,567.75,464.2,3880.4,662.3,133.1,4033.55,20116.65,103.8,603.1,652.35,1883.65,1138.55,2869.15,160,2318,378.8,523.5,936.75,93.45,192.25,209.95,1359,938.05,588.3,6130.85,17275.6,88.35,82.45,173.65,1971.55,194.4,22440.75,477.25,108.45,359.15,2225.05,620.7,1015.15,3863.3,458.4,110.8,271.35,153.75
1695.75,2985.4,6347.4,312,478.95,3253,569.15,450.6,3805.05,661.7,134.1,4061.6,19890.55,101.95,601.8,650.15,1881.05,1126.35,2768,159.9,2248.5,381.1,513.55,917.9,92,196.55,207,1342.35,920.9,592,6003.4,17151.85,90.35,82.6,179.65,2004,192,21979.45,474.3,105.15,350.05,2190.95,617.95,1057.7,3862.65,460.25,112.1,266,157
1727.8,3032.1,6381.35,313.9,460.85,3297.8,567.2,457.55,3827.6,671.45,133.45,4130,20882.45,102.3,598.25,652.85,1875.8,1130.4,2771.2,162,2211.35,392.25,513.9,907.95,94.3,200.7,209.35,1374.05,916.55,603.35,6065.95,17256.4,90.55,82.65,181.75,2057.8,198.25,21568.15,476,106.05,351.9,2171.2,632.45,1070.2,3837.9,462.75,113.95,266.6,158.95
1712.05,2985.5,6270.3,309.4,445.6,3251.85,559.45,448.4,3818.45,666.05,131.6,4065.95,20800.35,99.55,582.7,679.95,1841.3,1119.1,2740.7,156.2,2209.3,381.8,522.25,922.85,92.8,199.6,205,1350,904.4,598.7,6000.7,17251.85,89.4,81,182,2146.15,191.95,21332.75,485.6,103.75,346.1,2157.4,652.6,1057.6,3782.5,454.15,112.05,270.55,151.7
1778.15,3020.5,6173.2,309.05,431.55,3171.15,559.5,457.7,3777.35,652.9,129.95,4015.7,20537.7,97.5,570.8,701.1,1850.75,1079.5,2743.6,158.2,2221.5,358.5,506.65,948.45,93.75,196.4,206.95,1322.6,903.8,594.4,6043.3,17350.25,87.65,80.8,180.9,2156.2,187.15,21113.85,475.5,101.7,352.85,2206.8,664.55,1042.1,3860.1,445.8,109.85,268.85,145.4
1759.65,3119.35,6342.8,318.6,437.05,3239.6,564.6,461.5,3774.75,662.6,130.45,4051.35,21053.25,97.6,596.25,712.45,1897.35,1086.65,2841.25,164.7,2242.55,352.1,526.95,962.85,93.4,195.4,214.9,1384.05,913.5,620.35,6282.8,17095.4,88.55,79.9,181.9,2177.7,189.45,21915.75,482.6,106.45,358.5,2309.75,684.35,1052.7,4136.35,448.95,110.85,275.45,144.4
1740.15,3099.3,6328.6,315.15,440.9,3284.25,566.2,453.8,3794.7,681.25,131.2,4302.2,21400.95,98.8,616.3,694.4,1877.3,1064.6,2780,164.05,2231.3,351.05,550.5,954.15,92.6,196.7,217.55,1389.45,921.95,604.85,6185.15,16597.85,88.15,79.5,181.75,2096.65,191.2,21743.65,493,105.75,373.75,2276.05,676.4,1040.45,4180.95,461.75,110,277,142.35
1743.35,3048.95,6177.6,312.5,425.85,3218.3,552.7,419.1,3805.95,685.95,128.6,4516.6,21201.35,96.6,602.95,695.45,1810.65,1050.65,2703.95,162,2195.6,344.95,519.85,961.45,88.55,193.35,214.35,1385,908.25,598.35,6265.4,16524,86.6,77.7,176.85,2108.85,186.55,21395.1,509.95,103.65,366.6,2279.5,674.75,1041.85,4155.55,464.6,110.9,284.1,140.2
1715.5,3004.95,6205.9,315.2,431.65,3251.3,554.85,413.8,3823.6,720.15,129.25,4521.05,20638.7,96.65,633.05,705.2,1781.95,1032.8,2676.5,163.1,2209.9,346.8,523.75,966,88.45,194.15,220.25,1365.75,913.45,606.45,6262.75,16522.2,87,78.3,178.3,2067.1,191.45,21711.15,531.7,104.65,366.3,2281.4,681.65,1043.25,4117.3,478.15,113.8,280.95,138.75
1705.5,2917.45,6103.15,311.35,417.35,3174.5,547.35,417.8,3776.2,710.4,128.4,4527.45,20782.15,94.1,633.5,705.95,1739.8,1002,2631.3,161.35,2204.5,343.25,503.05,956.9,86.2,192.6,220.55,1308.55,915.9,597.15,6165.2,16524.8,85.6,75.9,178.55,2009,192.25,21747.25,519.4,113.05,373.5,2254.15,673.6,1077.35,4045.55,452.15,115.3,281.55,134.95
1713.95,2969.95,6162,314.95,429.15,3235.6,549,408.55,3817.6,713.85,128.75,4634.85,21015.65,93.15,624.65,692.65,1781.1,1041.65,2706.1,162.35,2197.8,351,492.6,949.85,86.95,193.65,228.1,1323.95,924.25,602.6,6358.95,16580,85.6,76.1,178.25,2150.6,191.6,21593.75,528.95,111.45,372.25,2249.7,652.65,1075.2,4004.3,461.7,119.05,281.05,143.35
1716.3,3009,6242.05,327.1,434.95,3262.15,558.95,410.45,3849.95,722.15,128.45,4600.95,21958.75,93.3,633.45,688.4,1776.7,1027.55,2695.75,175.75,2194.55,352.2,492.75,944.7,86.6,192.8,235.15,1334.2,925.75,614.25,6526.25,16503.35,85.9,76.95,175.95,2126.45,191.45,22103.9,528.85,115.4,395.8,2259.5,648.55,1105.45,4041.05,453.6,121.95,278.2,145.55
1727.55,2991.8,6295.7,323.8,433,3345.2,555.3,409.55,3857.65,731.1,128.85,4583.05,21681.3,95.65,634.2,704.9,1783.75,1040.7,2704.45,178,2220.45,358.75,494.9,970.85,87.2,195.35,239.5,1340.1,922.15,609.65,6555.75,16677.15,86.15,78.05,175.9,2134.1,190.95,21722.85,532.25,116.8,400.45,2308.1,660.35,1120.15,4028.35,463.9,122.75,279.65,148.75
1806.25,3001.7,6467.15,326.65,433.3,3464.3,560.8,419.75,3934.8,728.65,129.75,4573.5,21807.35,96.9,636.55,690.3,1777.7,1043.85,2706.2,177.6,2210.55,357.95,509,950.9,86.4,196.05,240.2,1342.5,915.65,600.45,6679,16788.6,85.8,78.65,175.95,2146.45,190.65,21910.1,525.95,119.1,404.05,2295.35,662.45,1091.05,4004.25,480.3,122.8,277.4,150.1
1782.35,2993.8,6402.8,331.3,431.1,3442.95,558.85,415.15,3942.8,795.6,129.25,4690.9,21353.1,97.05,634.05,692.05,1798.95,1050.65,2702.15,178.6,2206.75,363.55,509.35,951.35,87.1,198.85,245.2,1360.2,960.05,628.9,6608.9,16665.75,88.2,79.05,177.25,2119.85,193.8,22396.4,543.85,123.85,410.2,2282.8,681.85,1107.55,3968.35,494.3,125.2,277.4,151.2
1789.55,3007.45,6440.35,335,448,3457.4,551.1,429.25,3879.55,778,130.1,4595.9,21442.65,97.3,624.25,683.8,1826.75,1066.65,2712.85,178.95,2210.65,367.35,522,948.45,87.05,203.05,253.75,1364.6,961.9,629.55,6649.2,16622.8,88.25,78.45,176.85,2133.8,195.05,21551.6,541.05,122.3,416.45,2279.9,674.8,1066.25,3968.75,481.9,125.6,279.65,159.75
1797.25,3023,6357.2,341.2,451.1,3418.25,547.7,421.8,3809.75,762.1,128.7,4518.15,22116.65,98.05,626.15,717.1,1814.2,1063.7,2774,175.8,2195.1,366.85,520.65,954.95,85.85,204.2,256.8,1335.1,949.75,634.95,6730.3,16540.85,88.7,78.1,178.05,2127.6,203.3,21378.9,532.15,125.35,414.5,2257.35,692.05,1056.35,3999.65,487.15,123.4,276.2,161.25
1802.55,3017.95,6350,347.65,448.1,3419.65,535.35,421.15,3808.25,760.25,128.95,4502.25,21672.95,97.4,631.85,724.6,1804.85,1059.05,2809.65,183.55,2198.65,368.05,518.75,951.2,86.85,201.45,258.6,1336.25,990.7,631.45,6731.65,16474.2,87.25,78.6,178.75,2122.05,201.9,21237,520.8,131.15,413.1,2254.45,697.05,1097.65,4047.3,489.15,124.45,277,162.3
1802.55,2987.55,6246.7,348.1,435.85,3331.1,528.6,413.25,3801.35,771.8,131.85,4519.4,20144.15,95.95,628.95,709.1,1791.7,1034.45,2803.8,184.95,2173.9,361.4,507.2,953.6,84.8,196.4,265.35,1307.45,982.8,614.45,6588.2,16354.7,88.4,77.1,175.4,2113.8,196.5,21458.25,531.35,124.6,418.5,2242.15,695.9,1104.15,4010.1,485.65,122.65,276.5,161.2
1836.7,3115.6,6269.1,357.45,438.15,3384.8,521.4,407.9,3868.65,771.65,136,4519.15,21134.7,97.65,625.35,718.85,1800.55,1032.75,2927.2,192.55,2196.05,360.2,513.15,957.5,87.55,198.75,269.6,1327.55,1000.8,623.6,6768.4,16422.9,95.3,79.3,178.65,2091.35,193.1,21512.75,528.35,123.55,425.05,2253.4,721.05,1123.85,4035.6,492.35,127.95,281.95,170.1
1874.1,3104.8,6343.05,357.45,445.8,3419.9,526.3,402.3,3914.3,764.85,136.65,4520.4,21404.7,96.95,667.1,714.45,1820.7,1056.5,2924.15,196,2214.35,369.55,521.6,967.55,87,198.55,277.15,1369.35,1004.55,622.65,6893.1,16554.6,95.05,80.65,177.75,2118.55,195.1,21914.3,526,125.6,434.5,2269.75,713.05,1145.55,4168.95,500.15,126.8,282.7,173.95
1885.7,3059.8,6299.05,356.65,444.2,3409.95,535.85,403.7,3875.4,758.35,135.1,4489.25,21261.35,101.45,664.85,709.85,1827.95,1066.6,2933.05,196.8,2193.6,374.45,522.15,959.3,88,198.45,278.55,1355.6,1009.1,623.9,6990.3,16345.75,94.65,79.55,177.35,2131.55,197.05,22081.3,525.4,125.15,431.7,2256.6,726.7,1148.4,4199.85,499.4,129.05,279.75,196.8
1874.9,3036.95,6289.45,353.6,434.95,3393.8,525.55,412.45,3868.1,762.7,138.5,4476,21371.35,101.5,665.6,710.1,1785.15,1059,2956.05,199,2185.7,367.75,513.4,955.15,89.05,195.8,282.65,1338.35,995.75,612.05,6974.7,16211.95,101.1,82.15,181.2,2097.05,194.75,22080.2,522.3,121.7,432.6,2252.85,726.4,1125.7,4144.25,491.9,128.95,274.2,199.45
1958,3053.15,6282.4,354.35,440.45,3389.3,520.25,410.1,3882.75,760.75,139.5,4489.75,21702.4,101.75,677.35,705.9,1804.05,1085.65,3033.45,196.25,2202.05,371.15,513.55,948.8,88.85,196.8,281.9,1339.4,994.15,609.8,6973,16561.95,105.95,81.05,189.1,2081.85,198.4,22317.75,532.35,120.9,428.85,2248.6,732.6,1138.1,4187.8,493.4,130.7,273.35,192.05
1962.15,3039.35,6400.45,349,445.8,3492.05,526.9,409.75,3908.35,751.75,139.8,4472.55,2176.45,101.6,671.55,705.7,1829.85,1117.05,3015.05,193.3,2194.4,380.35,529.15,947.4,88.35,196.7,285.75,1387.25,991.35,601.95,7082.5,16478.8,105.4,81.25,185.25,2095.75,201.45,22210.75,533.45,121.2,429.5,2248.1,722.5,1126.65,4189.6,497.4,128.8,272.7,201.6
2000.6,3009.4,6502.6,346.1,451.8,3642.9,528.65,412.9,3896.85,747.75,140.45,4427.7,2217.25,99.7,673.75,701.6,1829.6,1119.7,2969.75,191.3,2179.1,386.35,536.5,938.1,88.3,195.4,284.9,1400.1,980.4,609.35,7109.95,16288.2,103.8,80.5,184.75,2082.1,207.95,21810.75,525.1,127.1,424,2242.65,738.6,1136.5,4172.35,492.1,130.05,269.95,199.95
1971.4,3082.2,6564.4,354.25,463.35,3645.55,514.5,410.1,3829.25,748,141.95,4434.75,2248.85,99.85,667.2,712.8,1816,1118.45,3160.75,193.5,2182.8,389.35,567.65,950.8,87.9,194.95,286.2,1436.7,968.95,613.35,7008.65,16190.05,102.8,81.4,185.35,2137.3,209.85,21710.65,525.15,137.9,425,2253.5,732.85,1134.2,4079.65,493.55,128.95,272.05,211.5
1982.5,3043,6530.75,350.55,473.05,3632.5,511.15,412.95,3816.6,756.2,140.55,4437,2236.35,99.2,685.05,710.15,1864.1,1112.1,3141.75,194.9,2171.25,392.2,605.85,947.05,87.2,194.25,289.3,1420,975.6,636.75,7098,16113.7,102.6,80.15,185.2,2110.6,215.65,21528,532.25,144.25,426.85,2248.4,735.6,1137.65,4047.15,496.75,127.85,272.35,209.55
1958.1,3014.15,6545.55,360.05,509.2,3670.8,523.45,415.05,3793.85,748.6,139.05,4374.3,2213.6,99.1,701.15,706.45,1883.25,1114.5,3059.3,193.8,2151.95,409.7,665.65,935.25,87.8,195.55,280.7,1467.1,981.85,631.4,7104.1,16101.25,101.55,80.35,182.3,2116.15,224.85,21329.55,555.75,142.8,424.2,2238.55,752.35,1134.1,4062.55,519.25,128.85,272.05,213.85
1899.1,2967,6190.35,355.75,496.75,3487.8,513.1,407.8,3726.05,713.55,134.35,4264.7,2092,95.65,674.85,694.4,1832.6,1115.85,3006.05,185.25,2117.35,394.6,630.2,928.6,85.8,191.1,269.8,1401.35,944.95,606.9,6839.95,15949.55,96.4,81.95,178.95,2080.7,212,20283,520.25,143.2,413,2257.25,741,1100.5,3903.85,505.95,128.65,271.3,203.55
1979.3,2958.4,6359.6,348.8,485.7,3643.85,546.25,407.25,3771,736.55,133.45,4351.95,2131.1,96.4,684.55,689.6,1851.2,1127.3,2995.6,194.05,2161.65,390.95,627.45,914.15,84.65,190.2,286.8,1430.65,955.2,607.55,6905.65,16196.9,99.8,79.35,180.4,2087.25,218.1,20466.6,521.45,143.8,428.65,2246.35,727.85,1120.05,3912.65,505.05,132,271.6,201.8
1943.95,2880.55,6365.05,359.9,484.4,3668.65,550.55,413.95,3799.2,738.25,136.3,4352.75,2169.85,97.3,678.45,701.95,1827.2,1134.15,2943.55,196.2,2141.65,392.4,640.55,924,85.3,191.35,293,1423.5,955.55,642.75,6920.75,15992.55,98.95,80.3,181.2,2128.2,216.25,20563.6,514.5,150.3,438.65,2265.15,735.2,1121.3,3941.7,500.85,131.1,273.7,218.15
1978,2896.4,6355.55,366,474.95,3619.7,538,413.4,3746.85,738.6,135.7,4433.15,2231.15,98.1,724.75,706.75,1808.75,1130.9,2941.4,192,2139.15,382.75,631.85,935.55,85.1,191.6,293.4,1396.7,961.15,644.65,7072.6,16393.75,97.7,79.05,178.5,2112.1,213.15,20429,523.45,151.85,438.1,2299.5,759.55,1185.3,3949,521.85,128.5,282.85,220.25
1956.35,2883.2,6277.2,353,455.2,3596.8,523.15,403.35,3705.85,724.6,132.45,4322.5,2180.85,98.05,706.5,700.8,1769.7,1119.3,2915.2,188.3,2124.65,372.55,616.15,919.15,83.9,186.7,282.35,1380.05,942.5,632,7190.1,16232.6,94.7,77.9,175.05,2077.25,206.6,20025.3,512.45,147.8,421.3,2288.8,748.2,1159.25,3916.1,508.45,125.95,276,220.4
1982.1,2898.2,6263.65,352.05,458.7,3505.15,515.45,400.2,3724.05,716.75,131.95,4419.85,2192.9,95.75,700.15,708.8,1791.1,1110.5,2860.15,187.5,2162.6,373.4,608.7,925.05,83.8,189.1,286.5,1368.75,932.15,610.45,7209.15,16403.5,92.4,76.45,176.15,2082.65,207.9,19782.95,513.25,149.4,422.5,2327.05,747.1,1167.7,3848.65,494.45,127.9,278.75,223.95
1960.35,2901.75,6234.25,345.6,444.35,3500,498.1,412.1,3731.6,708.2,129.95,4348.8,2161.5,94.55,677.1,725.9,1777.3,1112.45,2863.2,180.25,2142.25,375.7,600.4,939.3,82.75,188.15,281.15,1350.7,916.7,608.6,7224,16126.5,90.65,74.45,174.9,2107.1,204.05,19355.85,501.9,142.3,405.1,2348.2,752.25,1162.55,3823.75,487,125.55,282.55,213.75
1979.05,2910.15,6026.8,343.85,431.25,3422.85,504.25,405.95,3738.3,727.55,126.95,4429.45,2176.95,91.05,687.1,721.95,1760.75,1096.5,2904,182.8,2132.25,367.6,604.6,927.75,80.55,183.8,286.85,1326.15,909.5,613.9,7215.25,16312.5,90.4,72.7,175.25,2161.35,194.85,19401.5,509.3,140.1,417.4,2327.65,753.35,1161.1,3835.6,494.55,127.95,282.85,221.55
2056.55,2914.7,6129.25,341.6,446.85,3498.7,497.35,430.3,3719.25,726.8,126.65,4380.15,2175.6,90.8,713.3,722.4,1777.45,1090.55,2948.75,176.65,2133.9,370.7,620.45,940.05,83.55,184.9,285.35,1319.5,920.95,615.45,7231.65,16420.7,90.55,73.65,177.6,2314,198.15,19643.35,507.95,143.3,408,2331.15,750,1155.25,3915.5,491,130.45,284.55,223.15
2035.95,2916.35,6128.4,342.5,447.2,3544.4,491.65,428.75,3772.25,725.95,125.1,4401.6,2160.3,90.75,720.95,721.65,1768.15,1078.65,2992.25,178.65,2159.25,370.5,610.35,945.7,83.1,183.95,287.8,1330.35,917.4,614.25,7193.6,16325.35,90.1,73.3,175.15,2319.75,202.7,19502.5,505.55,144.3,407.5,2374.1,765.15,1167.75,3904.1,499,131.9,293.3,218.1
2031.2,2957.7,6112.15,351.65,440.55,3440.7,474.1,417.15,3719.5,721.6,124.95,4364.1,2159.4,91.95,707,794.95,1738,1057.95,3028.5,175.8,2123.5,363.7,609.35,978.4,82.7,183.35,289.85,1304.7,902.1,615.3,7128.85,16083.3,90.85,73.65,171.5,2302.55,198.5,19789.5,495.8,148.55,404.65,2491.4,790.75,1188,3914.1,515.9,129.65,307.2,216.2
2017.55,2937.35,6115.55,352.65,449.55,3513.4,485.55,414.4,3734.1,742.45,124.1,4442.35,2140.6,92.1,720.4,792.7,1758.75,1070.5,3037.15,176.75,2124.45,371.55,633.4,982.45,82.25,181.8,289.6,1323.95,909.95,613.45,7052.8,16040.95,91.1,73.8,173.3,2318.85,200.15,20065.25,506.4,148.4,405.25,2491.4,791.15,1174.55,3931.45,529.7,131.55,307.35,217.45
2012.1,3037.95,6145.95,353.55,446,3521.5,481.75,413.05,3844.5,752.6,123.85,4627.9,2163.75,91.85,720.4,789.25,1768.15,1093.65,3056.2,183.8,2143.5,374.7,621.65,1001.75,82.7,180.65,288.65,1325.4,921.8,639.45,7057.95,16197.8,89.65,73.05,171.95,2324.55,198.2,20387.85,518.5,151.45,404.6,2503,792,1181.7,3974.9,528.5,134.3,312.15,215.85
2007.95,3019.2,6007,346.1,442.9,3471.95,479,415.6,3815.65,751.5,124.3,4827.25,2145.45,90.75,724.7,808.3,1744.35,1083.6,3061,175.85,2128.2,369,617.35,1011,81.8,178.6,286.85,1305.1,906.3,636.8,7085.85,16121.35,88.65,73.15,168.3,2298.75,195.45,19888.4,512,147.65,398.7,2460.95,786.95,1182.4,3968.95,530.55,134.3,311.7,221.1
2028.4,3050.95,5888.45,357.85,443.35,3474.8,494.55,412.05,3797.5,806.25,123.65,5333.35,2152.95,92.1,745,810.6,1724,1057.3,3112.65,179.5,2098.7,369.55,613.2,1002.15,80.7,179.1,287.7,1277.1,900.7,654.15,6964.75,16087.05,90.55,74.3,171.9,2305.7,192.6,19520.95,523.35,147.9,395.5,2449.9,804.65,1163.6,4002.6,537.3,130.95,316.5,220.3
1972.55,2986.7,5712.25,347.85,423.35,3330.15,467.75,401.45,3629.3,768.1,121.65,5142,2102.95,88.2,716.85,802.6,1708.15,1049.3,3055.35,167.15,2037.8,350.7,560.6,1009.9,77.7,175.75,271.3,1287.85,881.85,622.45,6626.95,15430.75,88.3,71.15,170.5,2255.85,185.8,18903.7,503.65,137.45,373.4,2465.3,787.25,1119.9,3878.9,532.2,128.95,311.9,210.7
1937.5,2985.85,5682.3,332.3,412,3303,470.95,392.15,3588,777.65,119.55,5167.95,2064.35,84.15,729.1,821,1674.85,1035.4,3000.15,163.45,2026.8,354.4,544,1007.5,76.15,174.2,271.9,1270.55,856.5,615.8,6440.55,15199.25,87.7,69.5,168.8,2211.15,186.2,18982.45,508.85,133.1,374.15,2522.95,800.45,1104.45,3883.15,529.15,127.15,312.25,197.1
1946.55,2986.2,5646.65,324.6,419.75,3243.85,433.8,387.65,3624.9,767.4,121.05,5107.75,2076.8,85.7,718.4,814.1,1667.1,1047.25,2956.75,165.45,2052.55,351.85,528.05,1019.75,75.95,172.5,268.2,1275.4,860.6,612.6,6501.3,15366.05,85.1,67.65,163.9,2230.8,183.8,18951.85,502.9,131.4,361.3,2467.45,793.05,1117.2,3869.15,532.4,130,314.85,191.8
1918.35,2931.85,5425.7,313.75,402.45,3028.9,419.3,377.25,3612.75,733.45,115.7,5027.4,2034.45,83,679.7,788.3,1636.85,1030.4,2918.3,159.1,2060.9,335.7,490.25,975.4,72,166.55,258.55,1246.1,850.7,575.1,6297.7,15258.85,82.65,66.65,159.35,2181.2,176.35,18341.95,485.8,122.8,343.9,2332.25,751.85,1096.15,3777.8,505.15,131.75,304.7,190.35
1925.6,2957.4,5803.3,326.15,415.05,3138.95,439.65,375.75,3686.4,770.1,117.1,5112.2,2117.5,85.2,708.15,827.7,1652,1044,3002,162.05,2079.05,348.65,514.85,1011.45,74.1,170.75,268.35,1253.05,889.25,592.3,6497.7,15736.8,84.8,68.9,160.75,2201.7,182.2,19008.45,489.65,127.25,352.1,2422.3,772.35,1109.35,3858.5,504.65,137.05,313.9,198.2
1945.6,2966.35,5985.95,339.55,439.25,3335.15,443.65,385.15,3737.35,774.8,120,5129.85,2180.95,88.2,734.2,835.25,1681.45,1054.2,3088.9,167.7,2063.3,363,555.1,1010.4,75.65,173.3,277,1278.7,902.85,615.25,6703,15719.8,87.5,71.85,168.15,2216.25,187.25,19533.15,510.1,132.85,361,2426.3,779.4,1138.75,3922,509.8,139.1,311.55,208.75
1959.95,2897.5,5876.7,341,426.85,3294.75,435.6,386.55,3736.85,762.35,117.65,5084.2,2198.5,87.5,721.45,812.75,1713.1,1062.55,3174.95,176.4,2033.2,357.05,536.25,1009,74.85,169.4,284.1,1263.25,895.45,613.2,6742.75,15620.85,85.15,69.15,163.3,2245.05,185.05,19834.65,506.15,131.7,370.05,2488.4,768.15,1167.3,4062.1,493.1,139.95,311.5,207.8
1986.4,2881.1,5852.35,341.75,424.65,3278.6,420.95,353.05,3798.15,774.7,116,5187.8,2202.8,86.8,744.2,811.6,1740.05,1078.6,3147.3,175.25,2068.25,354.75,527.4,1008.25,73.9,171.7,277.75,1268.2,901.6,607.9,6743.45,15918.65,85.1,69.25,162.45,2234.35,185.4,20256.95,500.45,133.3,359.75,2492.3,791.75,1201.35,4049.55,502.9,136.9,313.55,208.9
2040.45,2985.4,6053.6,353.3,443.7,3442.8,432.35,353.3,3808.6,773,117.25,5112.05,2197.65,88.4,754.55,812.95,1790.65,1106.95,3151.45,174.1,2095,369.2,592.2,1017.65,74.1,170.85,282.05,1305.05,902.8,610.15,6796.3,16000.5,84.9,69.15,164.6,2225.25,190.3,20611,506.9,133.5,364.95,2523.45,822.5,1198.65,4097.75,505.65,137.45,313.05,214
2028,2952.3,5881.15,350.35,444.15,3382.9,424.45,354.15,3830.45,778.65,118.4,5159.5,2210.15,87,750.15,824.2,1785.1,1114.35,3129.2,179.05,2111.05,373.1,601.55,1048.7,75.55,169.25,290.1,1314.6,896.95,607,6818.85,16033.15,84.45,69.2,162.85,2212.2,188.75,20131.8,523.1,133.9,382.3,2705.8,841.25,1194.35,4047.15,507.1,137.8,333.95,208.2
2090,2972.25,5995.4,362.9,449.65,3474.3,426.75,352.05,3765.85,780.35,116.8,5136.5,2197.6,87.75,757.7,829.15,1934.4,1144.1,3136.35,176.9,2115.9,380.6,622.8,1055.75,75.35,169.9,291.35,1338.25,892.6,627.4,6892.4,15876.85,84.15,69.35,163.2,2210.35,191.6,20296.95,521.05,144.75,377.4,2714.3,847.4,1199.95,4136.1,509.55,137.9,330.05,216.9
2105,3077.4,5905.25,360.65,453.1,3331.15,422.45,342.25,3785.95,773.6,114.45,5104.95,2238,86.7,759.65,828.05,1948.75,1162.25,3233.65,172.85,2139.35,382.65,619.1,1066.55,75.2,169.5,291.45,1324.7,887.9,631.6,7046.9,16114.4,82.8,70.5,159.6,2257.5,190.7,20712.5,511.75,141,371.1,2735.95,846.35,1254,4213.35,510.85,123.35,335.3,205.95
2088.65,3074.55,5871.95,359.75,451.9,3326.45,424.45,340.05,3794.7,811.45,113.3,5194.4,2208.8,84.15,770.35,849.55,1949.25,1191.8,3279.15,174.25,2160.8,387.5,617.7,1093.7,75.5,167.15,292.95,1320.1,881.05,634.15,7079.85,16304.6,82.6,68.45,158.3,2239.25,191.5,20735.55,524.1,140.95,373.65,2825.7,860.3,1254.15,4346,509.4,117.9,359.45,205.9
2050.6,3059.8,5915.2,357.2,468.05,3317.9,425.2,345,3745.1,803.15,114.9,5153,2217.95,85.7,745.1,855.75,1957.65,1233.55,3327.4,170,2139.65,401.5,623.05,1106.8,76.5,167.85,292,1319.85,908.45,633.2,7062.4,16034.1,82.9,70.3,158,2233.45,198.3,21198.5,512.9,138.45,369.5,2812.95,854.15,1255.2,4298.35,497.3,121.85,374,200.55
2077.85,3022.75,5912.75,357.65,468,3327.2,415.05,341.6,3731.5,813.65,113.2,5220.5,2181.35,83.85,744.7,865.8,1965.4,1213.65,3284.7,172.15,2138.4,404.05,614.45,1132.1,75.7,172.2,285.15,1312.9,905.75,634.4,7136.65,15902.2,82.75,69.15,159.8,2237.05,198.7,20956.1,513.9,135.9,371.1,2830,856.9,1256.75,4306.3,507.1,96.95,377.5,189.85
2064.65,3034.45,5867.65,349.9,461.35,3272.6,415.3,339.1,3745.65,787.15,113.85,5168.75,2219.55,83.15,749.45,900.4,1943.4,1198.45,3288.05,173.25,2138.2,396.25,608.2,1157.8,76.1,170.15,289.95,1344.95,896.45,627.9,7032.9,15673,82.65,69.1,160.45,2280.7,195.7,21088,503.15,134.1,368.35,2826.55,868.2,1228.85,4382.75,506.5,99.65,375.95,182.45
2071.35,3054.15,6100.05,348.95,471.3,3372.05,413.25,332.9,3789.8,781.5,110.55,5123,2253.9,82.65,763.6,890.45,1979.85,1211.5,3310.8,174.2,2158.15,406.8,622.65,1137,74.65,167.8,290.65,1353.35,915.2,623.85,7002.35,15673.05,79.1,67,157.05,2287.5,200.05,21135.9,502.2,130.7,375.55,2809.6,848.85,1223.45,4442.85,510.9,98.45,350.45,186.2
2090.45,3027.4,5899.05,342.8,462.6,3214.75,399.2,326.65,3731,768.3,110.6,5056.25,2248.6,82.3,750.1,860,1947.2,1169.25,3314.3,173.65,2152.55,391,598,1108.25,74.55,165.05,291.55,1309.55,888.8,617.3,6892.6,15602.75,79,66.05,155.75,2206.5,192.85,20642.25,490.3,126.95,373.9,2740.6,812.4,1213.6,4383.3,506.55,94.95,341.6,179.95
2061.2,3044.75,5952.3,349.95,472.4,3231.35,401.65,339.95,3747.2,782.35,111.35,5080.55,2269.9,84,772.7,827.15,1961.7,1199.35,3346.45,179.8,2150.55,396.1,608.3,1127.5,74.2,165.7,311.05,1336.55,894.1,606.65,6894.9,15430.25,80.3,67.25,158.95,2175.8,195.95,21177.45,486.9,127.75,393.85,2763.3,822.75,1223.15,4482.1,466.95,94.9,339.65,175.7
2070.1,2980,5981.1,347.55,492.95,3267.2,397.7,346.65,3772.45,764,114.7,5058.15,2198.15,87.45,773.15,844.75,2031.5,1203.55,3248.7,182.7,2177.8,417.1,627.1,1125.9,76.8,168.25,313.5,1376.7,902.9,597.45,6851.95,16093.15,81.65,69.3,159.75,2176.2,204,21102.25,483.65,128.25,395.5,2711.55,824.15,1228.8,4514.6,463.45,96.75,343.2,174.2
2118.5,3004.2,5951.85,348.95,493.95,3262.15,405,343.35,3553.15,764.3,113.65,5071.15,2194.45,85.7,777.2,879.65,2015.3,1223.95,3237.6,180.8,2173.1,414.6,625.25,1137.5,75.05,167.45,318.7,1368.8,917.3,602.25,6844.6,16252.55,80.65,67.4,157.2,2155.9,203.05,21184.8,486.35,129.65,392.4,2739,849.85,1233.5,4544.35,455.95,99.25,346.75,183
2114.3,3018,5904.15,355.35,501.45,3232.85,419,349.55,3397.25,767.1,115.1,5046.75,2181.35,87.65,791.75,871.05,2048.75,1246.7,3178.35,185.95,2163.15,420.3,628.1,1148.35,76,167.65,322.95,1393.3,924.45,600.85,6861.85,16030.85,82.3,67.8,163.75,2124.6,203.75,21147.5,490.2,130.25,404.05,2675.4,845.9,1244.7,4629.1,454.2,101.2,343.45,180.55
2099.9,3006.2,5873.4,358.35,510.3,3314.45,430.65,349.35,3458.35,757.5,115.8,5022,2159.45,88.65,791.65,866.25,2042.55,1233.3,3081.5,184.45,2179.35,412.9,608.75,1129.05,77.7,168.55,325.5,1393.05,936.3,604.35,6811.55,15909.45,84.65,68.85,165.1,2106.95,203.3,20991.7,485.55,133.5,409.65,2671.15,837.45,1229.45,4614.55,454.5,104.45,344.45,183.5
2120.25,3082.25,5831.55,364.35,507.2,3316.9,434.4,351.55,3469.75,757.55,117.7,5018.25,2181.9,87.3,785.2,852.45,2059.7,1235.8,3111.05,182.25,2143.85,416.95,608.15,1122.5,78.25,170.75,321.25,1383.05,941.25,625.15,7103.25,15865.45,86.25,69,170.15,2113.05,202.8,20521.15,484.5,137,423.45,2686.8,848.25,1241.7,4504.55,450.95,104.75,342.4,185.85
2080.45,2895.15,5700.95,363.7,493.35,3293.9,434.05,346.1,3485.4,747.15,114.55,4978.1,2108.1,85.5,780,847.8,2073.35,1210.9,2897.95,172.4,2166.75,404.45,616.65,1112.45,78.1,168.55,308.3,1416.9,951.75,597.15,7054.8,16259.35,85.95,68.2,172.05,2029.1,196.7,20424.7,474.5,133.7,408.4,2688.2,819.25,1215.5,4485.4,433.4,103.85,339.8,176.7
2197.8,2947.35,5667.25,364.4,508.1,3453.25,433.35,348.65,3572.25,770.25,113.95,5099.4,2118.25,84.2,779.1,847.25,2041.35,1233.1,2911.95,174.45,2176.7,409.95,614,1090.85,78.1,167.2,308.95,1587.65,981.95,597.15,7158.4,17229.85,89.45,66.85,173.5,2034.5,194.65,21734.35,470.45,135.65,411,2630.15,828.65,1231.8,4566.95,438.55,102.5,334.05,187.65
2159.55,2944.05,5642.35,353.65,504.7,3370.8,451.85,345.45,3541.7,765.25,112.7,4951,2135,83.1,777.25,829.6,1968.9,1209.6,2946.2,170.45,2164.35,396.05,592.85,1076.55,78.05,165.5,305.85,1551.35,982.85,604.15,7186.05,17119.15,88.1,66.35,172.85,2011.45,190.45,21361.2,463.4,134.8,402.3,2622.2,804.3,1217,4469.3,450.75,95.4,335.65,181.4
2225.45,2925.35,5623.95,342.7,493.85,3380.05,450.8,341.8,3532.65,762.3,110.85,4941.95,2136.85,83.45,770.2,840.05,1934.3,1187.2,2894,167.9,2122.1,399.9,588.7,1074.85,78.4,163.85,306.8,1570.9,934.5,591.95,7117.7,16870.6,86.5,64.4,171.6,2026.9,188.7,21677,456.35,131.9,401.4,2632.65,804.25,1178.2,4576.8,450.25,95.45,337.45,179.1
2211.5,2886.9,5573.5,359.85,492.5,3309,433.75,354.45,3473.25,754.5,114.2,4888.65,2085.6,84.75,778.35,841.95,1923.55,1183.55,2799.8,170.65,2071.3,392.6,585.7,1060.6,79.55,165.25,309,1547.4,929.5,594,6965.15,17161.6,87.6,64.9,171,2054.5,189.25,21694.55,465.75,132.65,410.55,2664.85,813.3,1165.75,4574.05,453.25,95.75,340.7,187.9
2172.85,2843.7,5701.45,356.9,522.65,3419.8,457.4,346.4,3420.3,751.25,115.7,4858.65,2029.65,83.95,787.85,822.4,2040.8,1215.25,2835.65,170.75,2072,417.45,628.35,1072.3,78.2,166.75,309.35,1580.7,929.3,596.05,6868.35,17114.95,89.2,65.7,173.05,1877.45,196.05,21671.35,469.4,132.85,402.85,2604.6,814.65,1168.5,4550.8,445.35,94.7,334.8,183.45
2154.65,2914.85,5743.6,353.65,534.15,3490.8,454.6,350.85,3403.65,759.3,116.5,4877.35,2095,83.95,791.15,814.05,2130.95,1247.95,2937.4,179.75,2055.7,443.85,646.6,1062.55,78,170.1,314.75,1593.6,947.75,595.8,6913.35,16892.5,85.95,66.3,179.95,1850.4,204.75,21876.1,485.6,134.1,406.9,2633.6,808.1,1199.95,4549.55,417.05,94.85,335.65,182.05
2169.45,2926.1,5811.85,361.1,525.15,3561.45,453.05,348.85,3470.7,781.15,114.8,4935.6,2097.4,83.35,783.1,815.15,2088.2,1257.4,2968,176.5,2060.05,437.05,678.05,1093.95,77.95,169.8,317.85,1630.7,939.85,596.8,6954.05,16997.1,85.1,66.45,177.1,1913.2,207,21910.35,504.65,135.9,403.9,2653.15,826.85,1215.65,4531.6,401.35,92,342.95,181.85
2238.3,2949.3,6055.15,368.65,539.3,3736.9,457.3,366.3,3499.25,793.5,119.85,4958.5,2119.8,87.45,804.4,842.9,2100.7,1269.2,2944.35,187.35,2102.35,438.5,714.4,1104,79.8,174.75,327.7,1675.45,958.1,602.1,7092.8,17221.3,86.8,67.6,179.05,1955,218.65,22239.4,512.5,137.65,425.5,2685.7,840.7,1242.1,4617.9,418.4,94.25,345.4,190.5
2209.05,2977.4,6286.45,371.1,541.75,3780.75,449.9,362.45,3513.55,789.95,121.8,4902.95,2139.05,85.8,794.35,850.1,2138.45,1307.65,2945.45,188.15,2094.15,442.8,738.65,1112.75,80.25,173.95,326.45,1718.05,960.75,613.6,6907.6,17006.65,87.3,68,178.45,2029.15,219.2,22053.05,509.15,139,426.5,2707.45,851.15,1253.5,4556,422.4,94.75,345.75,193.1
2225.2,3001.95,6283.35,367.05,565.05,3865,471.8,375.55,3548.3,763.2,121.75,4879.65,2192.85,86.5,792.15,855,2152.1,1340.55,2954.25,194.7,2132.55,462.7,775.45,1136.55,81.2,172.8,333.1,1728.15,965.85,616.35,6872.15,17332,89.45,68.45,184.05,2050.7,219.5,22604.7,510.15,141,438.3,2726.6,872.75,1285.05,4625.25,426.75,98.8,351.95,191.65
2199.75,2997.5,6687.65,366.75,583.6,4208.55,466.4,382.8,3508.35,717.3,124.8,4698,2234.85,90.2,789.5,809.7,2272.1,1393.65,2951.25,192.35,2136.6,483.85,835.2,1091.05,84.25,178.35,334.8,1752.95,1033.7,619.95,6793.45,16604.75,91.5,70.75,185.9,2084.55,231.7,22762.8,490.9,146,441.9,2649.6,821.3,1305.4,4719.55,432.8,99.75,342.3,193.1
2181.7,3023.1,6944.8,371.6,608.65,4268.8,478.6,394,3492.75,742.35,125.85,4882.15,2326.7,92.95,803.1,826.05,2324.3,1389.95,3060.15,204.05,2131.15,486.55,787.95,1122.5,85,185.3,342.75,1807.85,1059.45,633.2,6857.35,16697.6,92.9,72.35,189.65,1997.2,234.2,22867.55,506.05,150.95,473.95,2687.8,837.5,1274.7,4823.8,435.7,101.9,346.75,195.3
2171.8,3017.45,7026.2,368.05,599.7,4298.3,479.85,394.65,3515.3,739.7,122.1,4826.85,2350.75,93.05,826.95,824.7,2332.1,1371.7,3085.8,208.6,2192.1,476.7,769.2,1117.75,85.3,188,338,1754.75,1073.2,632.7,6836.85,16718.6,90.8,71.55,189.5,1980,226.8,23441.6,509.25,151.2,473.15,2671.05,843.25,1278.1,4846.1,429.6,103.45,345.55,198.45
2179.95,3040.75,7261.1,365.5,610.35,4376.05,475.75,394,3514.45,744.65,125.9,4856.9,2514.6,92.8,841.35,828.1,2306.75,1358.8,3128.9,210.55,2185.35,485.55,768.55,1124.2,84.75,187.1,343.2,1763.3,1051.5,629.85,6809.25,16825.65,91.45,72.15,188.85,1996.4,229.45,23435.5,508.45,146.35,486.55,2656.85,838.85,1288.45,4899.75,425.35,107.5,344.15,192.65
2184.6,3041.9,7335.55,366.1,613.15,4374.8,481.5,412.85,3527.35,745.75,127.1,4872.05,2540.55,93.5,838.6,830.5,2311.25,1369.7,3115.7,209.3,2187.7,486.9,770.45,1133.45,86.65,188.6,341.95,1770.55,1059.2,631.35,6852.25,16838.15,90.9,72.65,188,2002.3,229.65,23363.25,514,148.85,492.2,2670.35,840.15,1286.8,4908.2,429.25,108.05,345.45,193.1
2187.65,3045.15,7365.35,379.65,628.8,4488,484.55,394.65,3509.8,742.55,128.7,4784.15,2541.7,93.55,842.9,815,2349,1408.45,3031.3,213.55,2177.6,486.4,784.15,1123.7,84.95,187.35,340.95,1796.65,1080.9,637.25,6981.45,16982.85,88.7,71.3,186.8,1993.25,240.2,23989.75,518.4,158,522.7,2666.05,845.25,1301.95,4909.05,429.65,107.35,348.7,189.55
2195.75,3037.9,7789.95,391.1,636.3,4653.75,478.4,383.05,3500.35,742.95,128.25,4703.8,2614.15,93.95,848.95,814.3,2364.9,1408.7,2983,219.35,2132.1,497.65,828.3,1110.55,85.25,184.05,342.6,1830.6,1148.15,705.75,7054.3,16872.6,88.3,71.95,185.4,1987.2,252,24069.25,513,173.5,517.2,2626.65,836.1,1280.1,4927.5,426.3,108.9,345.3,190.5
2161.7,3034.25,7823.4,381.9,611.5,4536.55,468.55,383.7,3511.35,742.1,122.05,4707.7,2551.25,93.65,836.75,804.55,2324.6,1374.35,2988.5,213.85,2130.75,478.75,818,1096.75,84.7,187.9,331.2,1826.35,1134.25,703.9,6963.3,16934.15,89.8,72.15,189.8,1973.15,239.75,23661.65,507.35,167.95,523.6,2636.9,822.9,1292.45,4778,416.5,112.1,342.6,186.35
2166.55,3058.55,8542.6,375.85,607.85,4715.85,483.7,383.3,3552.1,739.9,121.45,4670.95,2590.65,97.45,856,819.25,2334.8,1403.65,2998.65,215.55,2120.25,480.2,811,1103.35,84.85,191.7,336.15,1889.4,1132.3,715.6,6965.85,17460.4,91.8,71.65,191.85,1899.5,242.75,23948.7,503.25,169.1,532.9,2660.25,837.55,1365.15,4862.55,420.4,111.05,346.3,185.5
2186.25,3077.75,8774.35,375.15,595.6,4811.45,477.25,394.45,3557.4,746.3,122.75,4828.75,2597.35,100.9,854.6,839.2,2250.8,1394.6,3059.75,218.05,2129.4,468.25,849.75,1139.85,86.45,190.85,337.75,1897.85,1125.85,705.45,6987.75,17786.4,93.65,76.5,194.75,1950.7,238.7,24465.3,512.85,170.7,543.1,2724.25,865.75,1347.6,4889.5,426.45,113.05,355.85,187.2
2207.9,3095.7,8859.7,392.25,619.65,4810.65,474.25,389.75,3562.25,748.45,123.25,4915.5,2693.3,100.3,853.25,840.5,2217.7,1438.2,3074.15,226,2157.35,478.2,853.7,1140.05,86.15,195.55,340.85,1924.9,1135.5,729.35,7158.4,17677.6,94.15,76.1,194.5,1964.05,243.85,24243.55,520.15,172.05,548.3,2722.05,877.65,1327.15,4873.2,427.45,115.8,355.5,188.3
2154.3,3051.25,8717.75,398.95,599.85,4689.75,464.1,382.05,3555.8,731.65,123.95,4806.3,2595.1,102.3,843.1,824.7,2191.35,1402.8,3008.75,223.45,2135.85,472.7,855.05,1115.65,85.75,193.85,338.25,1862.45,1116,719.95,7055.7,17520.2,93.95,80.8,195.3,1947.8,243,23698.8,506.2,171.45,541.25,2701.3,862.25,1306.95,4819.85,418.6,114.05,350,188.4
2155.3,3129.2,8806.7,410.15,612.55,4821.25,468.4,378,3548.75,738.7,125.05,4901.35,2549.2,102.75,877.4,842.05,2238.4,1426.65,3024.55,229.9,2154.2,475.3,850.55,1113.2,85.6,194.8,359.2,1889.1,1118.85,728.5,6994.25,17741.95,94.1,80.2,197.65,1952.6,245.45,24381.15,511.7,173.75,568.4,2720.6,857.05,1327.4,4834.15,420.55,118.8,354.85,189.75
2215.3,3173.55,8758.8,411.55,601.6,4908.8,463.25,373,3637.95,745.6,125.55,4828.95,2534.65,102.65,875.75,822.1,2256.25,1440.85,3108.85,226.35,2138.2,473.35,857.65,1100,84.6,193.65,350.2,1907.1,1122.4,722,7035.8,17888.95,94.7,78.5,192.4,1929.8,244.25,24306.35,511.65,180.35,577.35,2679.65,876.85,1361.2,4802,417.7,120.75,350.5,192.75
2230.05,3243.65,8746.55,423.8,603.65,4861.1,479.45,379.3,3629.35,755.6,126.4,4830.4,2532.7,110.7,907.8,834.1,2306.95,1433.3,3110.25,229.3,2133.05,485.1,895.5,1137.85,85.85,194.4,358.15,1875.85,1115.95,734.55,7101.7,17418.15,93.75,81.55,192.35,1954.9,248.05,24908.4,539.35,179.75,585.8,2726.8,907.3,1341.1,4910.5,433.05,121.55,352.85,195.65
2315.85,3338.15,8802.2,438.2,608.1,4823.9,484.9,384.5,3597,758.35,129.75,4850.25,2532.5,116.7,915.5,843.15,2276.35,1406.95,3126.2,231.85,2139.3,480.45,897.3,1140.9,88.4,195.95,368.4,1814.2,1113.75,753.6,7206.5,17266.45,94.8,84.85,194.15,1958.15,246.95,24635.7,544.65,183.6,604.35,2749.55,908.7,1389,4933.1,441.95,124.15,358.9,197.75
2411.4,3294.4,9114.05,435.8,602.7,4867.45,479.9,393.9,3635.95,762.15,133.45,4923.05,2549.5,118.25,910.05,862.2,2253.95,1377.2,3139.85,242,2127.75,481.85,896.25,1126.45,89.9,196.2,370.85,1821,1125.15,745.85,7739.1,17492.15,98.55,88.7,193.45,1964.05,256.3,24905.15,548.25,184.85,620.9,2709.45,915.15,1418.5,4893.5,454.75,126.4,360.3,204.5
2438.75,3311.4,9052.45,453.7,614.5,4875.35,493.75,392.3,3648.2,766.95,133.3,4908.55,2553.5,119.8,931.5,858.5,2245.9,1385.6,3180.45,252.7,2184.2,502.05,913.65,1134.65,90.4,198.2,370.4,1846.25,1149.5,750.55,7803.15,17828.7,98.55,89.85,194.35,1946.75,263.5,24912.85,569.05,184.15,622.7,2727.55,923.1,1437.15,5091.4,455.7,128.95,360.8,206.85
2472.55,3319.55,9051.95,471.5,619.25,4829.45,508.95,395,3628.95,773.15,136.8,5029.1,2561.15,122.4,937.7,855.3,2303.8,1372.25,3174.05,251.25,2256.15,510.45,935.15,1143.5,91.7,203.15,365,1820.55,1169.7,752.3,7743.4,17562.55,99.75,91.55,193.5,1958.2,269.6,24954.15,582.3,183.55,614.55,2737.7,944.3,1425.3,5056.5,475.95,132.05,358.45,215.8
2438.9,3326.2,8969.4,463.35,620.65,4792.15,503.6,390.45,3645.4,766,134.25,5015.2,2548.2,121.75,925.8,863.8,2309.75,1376.3,3167.95,245.7,2260,508.4,916.7,1153.35,91.05,202.45,362.65,1833.8,1171.4,754,7762.7,17519.45,98.2,90.75,191.6,1993.75,271.9,24775.75,568.7,181.8,613.45,2797.3,932.3,1427.85,5217.75,472.8,136.25,363.7,212.75
2522.3,3306.55,9010.65,463.9,634.2,4844.15,503.05,395.15,3627.1,762.4,134.7,5056.9,2547.25,122.5,920.25,870.55,2306.7,1407.2,3190.7,241,2292.2,511.5,928.5,1175.2,93.95,205.4,361.85,1883.55,1181,755,7709.25,17569.15,98.3,91.2,192.7,2026.95,270.35,24420.7,569.55,182.7,609.35,2810.8,929.5,1426.15,5144.8,492.6,143.55,359.5,215.55
2526.05,3290.85,9028.85,471,627.05,4794.8,505.15,399.3,3739.75,762.75,134.85,5053.1,2492.65,120.05,909.5,866.75,2289.1,1385.85,3194.3,242.7,2350.45,506.95,915.85,1167.75,92.45,212.7,362.3,1903.3,1190.35,736.15,7736,18352.7,97.15,91.65,192.75,2007,269.55,23758.1,565.2,177.6,610.1,2784.3,927.3,1424.2,4964.3,438.45,144.1,355.9,212.5
2520.95,3327.65,8995.05,466.3,613.25,4843.85,504.4,397.4,3732.75,755.85,138.25,5016.95,2470.8,125.85,902.25,862.25,2295.9,1382.8,3185.3,243.65,2374.75,515.45,923.75,1163.2,93.85,216.3,359.65,1920.4,1194.3,727.55,7733.55,18401.1,102.4,96.8,193.1,2005.8,272.45,23805,568.1,178.85,621.7,2783.6,919.4,1442.4,5015,435,146.5,353.5,212.7
2548.15,3289,8933.5,467,615.9,4898.65,503.05,405.45,3776.95,789.3,143.35,5022.8,2400.45,125.45,911.45,873,2302.65,1372.15,3113.65,246.35,2370.75,525.8,921.25,1164.55,96.2,215.9,357.5,1939.35,1249.65,711.7,7696.8,18591.8,104.6,101.5,194.3,1991.3,274.2,23722.2,576.25,177.65,626.75,2797.7,909.4,1463.45,5073.75,442.15,146.65,349.35,215.4
2527.45,3271.65,9296.95,475.75,607.1,5122.5,504.2,398.6,3765.55,781.65,143.1,5031.35,2475.2,125.25,912,886,2350.35,1391.3,3112.35,244.55,2320.05,518.05,926.75,1154.6,95.45,213.55,365.9,1951.15,1246.25,717.95,7765.25,18189.9,105.85,100.45,192.8,1974.35,270.65,24259.65,571.65,178.9,635.35,2761.55,927.05,1468.75,5156.85,448.8,145.75,352.7,232
2582.45,3303.5,9257.7,475.55,606.1,5146.6,516.2,399.6,3752.6,786.8,145.5,5038.95,2470.1,124.4,914.8,885.05,2424.65,1410.7,3117.5,251.45,2343.95,512.45,921.8,1165.7,96.35,214,370.6,1952.55,1268.25,731.95,7796.35,18323.45,104.9,102.9,196.2,1976.55,269.4,24259.1,576.6,182.55,643.4,2814.2,921.55,1504.45,5113,459.65,148,358.4,231.9
2575.05,3270.45,9294.1,467.75,605.4,5286.7,515.1,395.4,3729.75,783.2,143.45,5072.85,2466.6,123.9,912.7,879.35,2494.6,1441.8,3112.65,245.85,2315.3,510.4,935.8,1159.2,95.4,213.05,366.2,1965.45,1278.8,730.65,7694,18305.35,104.45,101.5,193.3,1985.6,267.7,24510.4,571.35,181.7,635.3,2838.2,930.1,1501.95,5171.8,455.4,146.5,356.9,225.9
2601.5,3347.55,9215.6,463.3,609.5,5252.5,510.65,393.85,3720.5,793.45,141.7,5228.75,2480.95,125.05,909.65,890.65,2479.4,1411.35,3135.3,249.9,2333.45,517.15,905.2,1189.8,93.95,214.5,364.2,1949.35,1281.55,733.6,7559.75,18362.75,103.75,99,193.9,1991.55,271.45,24574.4,575,180.55,631.25,2861,933.8,1519.35,5152.5,460.3,147.4,363.55,225.25
2554.65,3238.25,8846.75,444.25,582.5,5041.85,490.9,367.35,3624.05,778.5,132.95,5068.55,2396.4,114.7,877.35,870.45,2414.8,1372.65,2994.1,232.3,2305.95,494.5,842.7,1177.3,87.1,202.95,353.5,1920.85,1234.85,685.95,7376.1,18192.6,97.5,89.85,185.5,1939.7,254.7,23717.5,552.55,164.55,595.85,2820.15,906.85,1471.65,5007.85,437.3,133.65,353.95,212.65
2600.8,3265.3,8938.85,468.65,589.75,5011.4,500.3,372.5,3630.4,795,135.5,5161.8,2446.7,118.5,885.2,913.8,2403.65,1373.1,3049.1,231.9,2311,500.3,840.7,1220.5,87.95,203.4,361.95,1902.95,1262.7,695.05,7395.4,18553.55,98.9,90.55,190.3,1936.7,257.45,23916.7,568.3,164.95,601.35,2872.5,944.65,1498.8,5021.3,444.65,139.1,364.2,214.55
2642.55,3309.65,9013.25,470.75,592.45,5088.9,507.2,374.4,3625.35,824.65,135.05,5224.1,2446.7,118.25,902,922.6,2403.05,1375.65,3040.05,236.2,2370.35,503.6,855.35,1253.05,88.15,207.75,366.85,1920.75,1264.8,711.5,7449.95,18732.7,98.55,90.8,189.95,1943.85,263,23894.4,574.6,169.2,621.4,2908.75,948.15,1490.85,5033.95,451.95,150.45,385.55,217.1
2648.25,3374.75,8992.55,478.55,610.2,5184.9,517.3,377.55,3618.25,833.2,136.25,5201.8,2436.75,120.15,897.15,919.35,2455.15,1397.1,3073.1,236.95,2402.25,513.55,852.8,1236.05,90.25,208.6,366.25,1960.6,1262.2,710.9,7446.05,18566.35,99.95,93.15,190,1994.15,266.85,23826.75,590.45,175.95,622.3,2909.35,947.25,1495.9,5044.75,449.4,162.85,382.2,217.3
2683.9,3414.7,8995.05,483.55,617.65,5204.1,521.6,382.75,3603.55,830.15,137.65,5201.8,2451.35,122.65,906.65,921.8,2476.45,1412.85,3082.6,239.9,2388.9,520.1,866.95,1240.3,91.7,209.5,386.6,1988.9,1289.4,710.95,7483,18597.35,100.45,93.8,191.55,2003.3,275.2,23715.55,586.95,186.35,632.65,2929.4,947.1,1543.55,5142.15,453.4,163.45,382.9,220.15
2696.8,3431.55,8976.05,483.4,630.2,5200.5,520.25,381.5,3593.3,827.95,135.1,5165.6,2460.55,123.75,909.5,935.9,2518.95,1427.2,3074,235.6,2384.3,528.8,912.9,1250.3,91.2,211.55,381.8,1999.3,1284.85,707.05,7452.35,18262.65,98.6,93.15,189.7,1990.05,277.9,23839.65,590.6,183.45,632.2,2930.5,965.65,1540.1,5146.75,454.7,160.1,385,218.15
2734.4,3448.15,8961.7,485.4,625.1,5334.15,516.15,382.85,3583.9,823.8,135.6,5170.95,2517.35,123.1,934.4,940.7,2518.05,1432.5,3101.4,237.4,2406.6,528.75,899.05,1246.8,90.9,211.15,386.1,2017.95,1292.05,720.7,7612.9,18379.25,99.1,93.25,190.2,1995.5,276.9,24599.95,584,184.15,640.45,2909.3,983.25,1552.6,5354.75,467.1,162.05,384.4,219.15
2764.5,3444.05,8906.35,483.75,620.45,5295.2,509.7,381.1,3576.35,819.95,135.45,5205.1,2530.9,123.25,927.85,946.15,2558.65,1436.3,3110,240.55,2395.4,535.05,894.95,1255.8,90.95,209,387.2,1995.6,1287.6,720.6,7649.6,18390.25,99.35,93.05,189.85,1985.3,274.95,24013.2,592.35,183.85,643.65,2862.75,973.2,1567.15,5288.15,466.35,161.4,386.25,223.5
2775.55,3481.25,8870.45,503.85,623.8,5280.15,515.15,381.95,3567.8,826.6,135.35,5241.35,2542.7,123.65,933.4,950.5,2568.75,1425.05,3102.65,238.35,2387.55,527.5,900.15,1260.45,91.5,213.85,389.7,1994.05,1297,732.45,7691.3,18450.7,99.05,93.2,189.5,1987.5,279.4,23950.3,596.25,186.5,643.1,2928.25,977.95,1558.6,5290.8,469.3,160.4,388.1,224.95
2753.7,3522.45,8898.75,498.9,624.7,5216.2,517.1,395.35,3552.9,832.25,137.25,5272.25,2655.7,128,964.45,980.4,2578.5,1416,3043.85,254.3,2426.5,531.7,897.85,1288.25,93.85,213.4,403.1,1965.55,1314.6,749.1,7702.3,18377.95,99.05,96.95,188.45,1990.85,281.05,24034.2,604.4,191.3,693,3039.45,1001.95,1550.9,5327.2,473.15,170.25,396.4,219.05
2793.85,3492.65,8820.85,499.45,664.45,5119,514,392,3551.1,827.25,135.15,5286.9,2674.9,129.3,961.3,991.35,2651.85,1426.7,3067.2,250.3,2450.55,537.25,921.65,1293.8,93,211.45,395.25,1959.75,1306.3,740.1,7655.45,18558.25,97.6,94.95,188,1966.1,281.75,23895.5,603.45,193.2,680.55,3093,1003.85,1570.95,5341.2,471.25,169,406.3,222.5
2805.35,3462.7,8786.35,496.8,654.25,5030.3,525.3,387.3,3539.7,824.8,135.1,5288.3,2645.35,134,984.6,978.2,2638.85,1420.55,3083.55,259.05,2417.3,546.7,922.35,1282.1,94.1,205.4,401.7,1970.4,1314,736.1,7628.6,18515.25,97.85,96.95,196.15,1914.25,285.05,24824.35,605.3,195.4,683.8,3051.5,997.15,1572.6,5448.35,472.4,180.3,406.4,221.2
2792.25,3437.95,8988,513.85,671.1,5081,545.25,392.2,3552.8,826.55,136.5,5270.9,2649.8,133.45,993.85,962.55,2661.35,1416.25,3055.25,272.9,2368.85,541.1,952.05,1262.15,94.5,202.8,405.4,1952.4,1338.95,744.4,7566.05,18127.3,97,97.9,197.05,1911.15,287.7,25002.15,601.9,196.75,722.8,3032.8,994.75,1542.35,5397.95,482.5,185.5,406.75,218.95
2844.7,3529.15,9171.6,517,672.7,5082,540.25,400.15,3575.25,838.7,139.7,5338.25,2760.85,132.75,1004.3,994.65,2657.5,1431.65,3161.1,268.2,2391.2,542.05,939.8,1312.1,96.15,201.5,402.85,1970.7,1373.4,770.5,8014.9,18306.25,100.15,100.65,203.55,1933.7,286,25813.4,620.8,198.15,713.15,3120.9,1051.1,1548.6,5591.75,503.65,182.05,430.2,231.15
2849.3,3617.35,8986.1,508.35,666.95,4984.25,547.15,401.75,3612.85,856.85,141.7,5416.8,2777.15,135.7,1004.3,1055.1,2751.2,1451.45,3197.7,264.7,2429.1,544.7,929.1,1376.2,96,202.5,399.05,1938.15,1350,789.1,8232.75,18391.45,99,102.55,203.55,1897.25,282.5,25569.3,621,220.65,695.65,3176.45,1077.6,1563.9,5623.7,497.45,179.15,446.8,223.65
2720.55,3624.25,8959,511.25,675.7,5042.2,565.75,402.55,3631.65,843.15,146.65,5353.85,2881.65,141.4,1010.3,1062.1,2747.55,1481,3248.25,264.35,2375.9,548,927.65,1371.75,97.95,206.45,399.55,1903.45,1349.8,779.85,8188.05,17999.1,100.15,103.45,203.7,1957.05,292.5,25369.1,609.65,237.8,694.9,3174.85,1064.2,1527.1,5639,501.5,181.1,457.7,226.15
2703.7,3600.9,8793.65,536.65,687.8,4902.9,578.25,411.9,3621.15,841.7,145.8,5290,2868.65,141.25,1033.35,1055.95,2670.9,1470.65,3256.8,262.65,2372.35,556.5,942.75,1387.15,100.95,211.25,402.95,1882.1,1352.5,828.35,8139.85,18019.3,102.55,105.25,205,1938.8,306.8,24726.4,602.3,242.6,709.15,3158.95,1069.65,1505.8,5650.75,491.7,180.5,459,227.9
2663.9,3576.05,8747.35,536.95,676,4877.35,580.55,426.7,3665.45,840.9,146.65,5308.9,2886.6,144,1020.25,1027.7,2684.05,1468.75,3266.6,261.4,2398.55,553.3,969.7,1370.5,103.2,214.15,396.4,1892.65,1376.6,829.9,8149.45,18132.6,102.2,105.05,205.1,1960.6,307.25,24855.6,607.05,245.1,706.35,3250.7,1052.6,1489.95,5582.35,509.4,176.4,454.35,229.35
2590.9,3580.3,8636.1,527.95,674.85,4883.6,602.65,414.6,3609.05,823.7,143.25,5212.8,2857.3,138.5,1033.05,989.8,2632.75,1466.65,3203,253.35,2351.15,543,965.9,1344.95,101.3,217.85,394.2,1863.9,1354.15,819.65,8024.75,17834,100.45,101.4,203,1937.45,303.85,24413.8,604.3,260.3,705.9,3233.35,1007.3,1477.25,5452.25,522.55,175.6,438.55,224.9
2588.2,3563.75,8354.6,515.5,657,4719.85,586.95,409.55,3607.85,801.75,138.7,5052.1,2873,137.9,999.2,981.5,2566.5,1483.1,3163.15,243.15,2332.6,533.15,932.8,1312.05,98.3,219.75,383.1,1846.95,1336.05,809,7830.65,17630.7,97.55,96.65,195.75,1983.95,294.45,23846.9,581.45,245.95,666.7,3221.75,998.25,1503.55,5386,561.3,168.7,431.55,218
2645.05,3641,8924.15,532.8,668.75,4959.15,592.3,413.45,3601.25,822.45,140.1,5088.9,2883.5,139.65,1031.9,983.85,2656.95,1503.85,3232.9,251.55,2363.15,546.45,939.9,1316.65,98.55,218.85,395.4,1887,1369.85,808.05,7922.6,17754.7,99.65,98.1,199.65,2016.4,298.6,24374.5,596.55,258.65,681.1,3260.7,992.5,1519.9,5490.1,564,174,430.25,225.05
2697.25,3643.95,8938.25,558.6,675.75,4981.95,596.15,413.85,3592.3,832.8,141.5,5080.65,2881.55,138,1034.7,999.25,2688.15,1492,3275.6,252.1,2355.95,551,947.7,1339.45,98.3,217.65,400.9,1883.6,1382.65,824.5,8144.95,17681.3,98.3,98.85,196.15,2054.7,302.55,23979.95,594.7,274.9,690.15,3308.8,1019.45,1531.3,5547.1,576.35,173.7,444.95,228.6
2716.35,3703.3,9052.8,547.65,675.85,5118.3,581.35,408.3,3630.8,812.75,137.35,5052.2,2926.6,133.75,1017.1,993.3,2663,1474.8,3247.3,248.9,2367.65,552.7,925.85,1339.7,96.7,213.7,393.3,1857.8,1371.3,808.25,8076.75,17716.3,96.1,94.7,195.15,2099.4,294.85,23719,582.9,290.6,666.7,3273.85,1004.7,1517.3,5543.45,584.55,169.05,445.8,225.05
2596.65,4089.5,9071,535.8,644.5,4972.55,576.85,396.05,3608,808.3,133.2,5036.9,2972.6,134.05,1004,985.8,2589.45,1443.55,3374.9,239.2,2409.35,533.8,893.3,1340.85,95.7,210.7,375.4,1828,1362.1,798.4,8048.85,17589.6,94.05,92.75,194.2,2049.6,283.7,23694.3,575.2,289.35,647,3303.1,980.85,1491.2,5534.8,566.95,165.55,444.75,219.3
2513.95,4168.95,9198.9,523.65,658.4,4908.7,580.75,387.3,3613.55,836.8,131.85,5082.4,2869.55,132.95,1069.75,947.5,2551.4,1462.85,3474.95,240.3,2399.6,538.05,849.15,1325.1,93.45,207.8,382.45,1794.4,1361.3,794.55,7981.5,17415.25,93.2,91.35,190.2,1941,280.95,23255.65,586.4,279.15,651.95,3291.3,972.05,1499.85,5368.4,588.15,165.2,437.25,223.7
2436.6,4146.35,9126.1,518.85,632.1,4845,570.8,380.6,3610.75,842.5,129.15,4909.3,2789.9,127.7,1061.55,955.5,2467,1409.6,3358.55,231.4,2391.3,522.35,820.15,1301,91.4,210.65,376.25,1764.7,1359.85,769.95,7870.9,17538.1,91.3,89.7,192.35,1895,275.65,22820.2,569.8,267.5,626,3261.05,997.1,1440.7,5404.85,574.25,162.95,446.45,221.1
2441.7,4135.8,8955.3,519.1,670.7,4810.25,570.9,384.3,3603.75,841.9,128.2,4871.8,2798.45,128.6,1067.4,933.95,2425.75,1371.45,3397.4,229.05,2300.4,528.25,802.6,1276.2,92.6,206.6,376.3,1722.85,1345.35,765,7588.5,17387.65,91.6,90.65,187.3,1876.55,282.35,23106.3,564.35,266.8,623.7,3196.55,981.6,1450.1,5443.7,565.45,162.75,431.9,220.15
2407.35,4005.8,8722.75,509.7,662.9,4734.55,553.6,383.6,3501.1,825.9,125.9,4602.7,2744.3,125.3,1055.65,914,2377.8,1390.5,3256.05,226.3,2263.9,537,846.1,1239.05,93.25,203.25,366.85,1712.95,1334.7,749.6,7206.65,17060,88.95,88.3,184.45,1841.95,282.1,22773.35,586.2,262.7,601,3111.35,961.4,1420.3,5327.25,560.65,161.25,417.9,220
2447.8,4114.7,9721.8,542.75,709.35,5058.6,579.15,393,3520.75,806.4,129,4428.15,2842.85,127.4,1125.65,928.35,2579.25,1476.75,3340.65,241.15,2248.6,603.8,970.6,1260.9,95.8,215.95,380.85,1801.5,1448.85,795.15,7399.8,17087.7,92,90.85,188.9,1895.3,310.7,24543.6,590.15,279.6,636.1,3139.35,941.75,1501.55,5744.15,534.1,171.35,421.5,227.2
2463.65,4201.45,9476.3,550.8,714.2,5173.2,599.35,408,3501.25,821.6,131.25,4482.5,2904.85,129.7,1190,954.65,2659,1560.55,3293.85,255.35,2230.45,617.35,975.65,1271.25,98.8,218.2,389,1861.3,1520.2,816.85,7654.7,17190.3,94.15,92.85,194.2,1925.8,333.1,26432.55,609.45,322,641.65,3203.45,957.2,1485.45,6123.55,566.3,173.25,428.35,242.9
2453.65,4236.35,9536.05,560.1,733.8,5245.1,608.85,414.9,3516.5,849.25,137.25,4649.55,2916.9,130.45,1190.85,959.9,2703.55,1574.8,3380.8,257.25,2232.85,622.35,1048.55,1284.65,101.85,216.75,392.9,1852.2,1528.55,833.2,7589.2,17166.4,96.95,93.35,206.5,1930.65,335.95,25994.4,629.2,331,653.15,3200.05,981.45,1525.15,6074.7,558.25,173.9,433.5,244.2
2401.8,4223.5,9700.55,568.4,743.9,5504.85,600.6,418.55,3580,834.45,143.6,4667.95,2963.45,130.7,1188.5,957.65,2707.75,1579.1,3440.7,261.85,2245.6,628.3,1032.15,1279.35,103.6,229.95,400.3,1910.4,1529.8,866.5,7640,17074,99.05,97.65,205.35,1924.3,355.1,27091,631.5,326.15,655.95,3188.45,969.2,1513.6,6182.8,548.05,176.4,429.9,249.45
2376.75,4231.25,9722.2,566.95,719.6,5538.55,581.1,415,3541.65,847.7,140.85,4800.9,2932.15,128.2,1186.1,946.15,2721.5,1597.6,3429.2,262.05,2269.55,614.15,1025.1,1272.1,102.4,234.35,402.2,1982.7,1516.5,865.5,7494.15,17115.75,99.5,97.65,207.1,1923.75,393.1,26722.85,634.75,315.9,685.05,3157.95,959.4,1509.45,6352.1,536.5,174.45,425.55,215.3
2416.85,4237.45,10021.05,582.05,736.15,5497.7,597.3,420.05,3473.7,847.25,141.55,4859.8,2970.4,131.4,1210.8,957.75,2733.35,1605.25,3495,278.95,2236.65,629.6,1035.1,1303.55,104.1,233.1,417.65,1957.15,1551.8,928.4,7574.6,17218.2,100.3,99.65,212.55,1951.45,397.05,28022.2,634.65,335.95,702.95,3214.1,982.55,1541.7,6368.15,538.3,178,435.3,219.75
2506.85,4154.9,9941.65,581.95,742.5,5400.3,598.95,419.35,3462.4,841.75,139.25,4844.1,2947.65,131.05,1217.95,951.6,2747.05,1611.85,3499.45,278.05,2216.25,633.35,1025.8,1305.55,97.7,229,406.45,1949.15,1566.45,895,7627.05,17318.95,99.95,101,210.75,1956.15,394.8,28165.8,623.6,325.05,699.2,3176.9,975.1,1559.9,6420.4,538.6,181.75,439.35,215.75
2510.6,4151.55,10227.95,576.85,734.8,5475.9,590.2,415.8,3424.85,863.4,138.3,4824.05,2901.3,133.6,1231.4,959.45,2767.1,1581.75,3538.95,279.4,2235.5,632.15,1022.8,1296.5,96.75,227.55,410.75,1952.05,1552.85,914.15,7621.7,17177.35,99.85,100,210.45,1974.3,392.25,28293.75,627.1,328.9,690.25,3213.3,974.9,1563.15,6392.15,534.4,186.1,439,217.25
2505.5,4181.9,10216.65,591.85,740.1,5567.05,598.1,421.95,3462.75,859.8,137.15,4825.05,2818.15,136.45,1235.45,970.4,2760.6,1572.35,3541.5,295.4,2263,630.65,1021.9,1292.65,96.5,226.45,408.85,1961,1530.5,914.2,7667.35,17412.25,97.3,99.45,213.75,2055.7,390.15,28344.2,643.65,325,694.7,3206,985.6,1524.7,6427.15,543.55,187.45,437,215.1
2486.1,4136.05,10278.8,616.6,750.4,5577.45,586.25,418.1,3421.25,848.55,133.85,4792,2781.25,132.9,1242.1,960.4,2791.5,1581.95,3515.75,290.8,2241.55,647.6,1027.4,1309.8,95.1,217.45,403.8,1951.05,1521.35,908.55,7568.5,17294.3,95.95,97,212.65,2041.6,393.15,27965.85,627.15,325.4,680.5,3190.8,991.2,1494.2,6397.25,535.8,182.35,442,212.5
2456.75,4122.3,10537.7,627.75,794,5779.85,593.7,419,3417,844.3,132.25,4709.85,2770.05,133.8,1227.95,954.65,2860.45,1616.6,3465.4,291.4,2215.2,673.95,1057.6,1309.65,94.15,218.6,403.7,1985.95,1537.65,911.85,7596.65,17479.85,95.2,98.45,212.45,2032.6,406.95,28653.25,627.5,333.35,672.15,3139.85,979.2,1484.75,6407.75,537.45,184.05,439.7,211.7
2450.25,4132.85,10460.6,636.55,775.05,5760.25,593.95,417.95,3389.45,848.35,133.75,4696.6,2726.95,133.1,1243.75,952.3,2858.65,1626.65,3461.55,302.7,2196.1,658.35,1058.25,1290.4,95.6,218.25,407.65,2019.65,1549.45,912.2,7697.05,17217.25,98,103.75,225.55,2059.5,402.35,28597.4,631.15,329.2,699.2,3108.8,986.8,1471.85,6457.8,538.95,190.25,437.55,206.1
2388.15,4165.7,10185.65,655.75,777.75,5705.15,593.85,411.7,3364,835.7,135.2,4600.55,2695.5,134.4,1238.45,943.2,2805.35,1586.5,3584,303.9,2163.9,657.35,1033.2,1281.3,95,217.75,408.7,1989.45,1548.35,914.95,7503.2,16741.2,99.35,102.25,230.05,2083.25,411.75,28268.5,621.25,330.15,696.8,3073.1,980.45,1460.4,6419.2,539,192.85,430.2,214.95
2470.75,4115.45,10198.95,664.05,777,5563.35,589.05,432.2,3359.45,825.45,139.95,4616.95,2650.2,143.1,1229.65,948.1,2745.15,1554.3,3522.85,309.9,2146.85,644.65,1046.05,1292.45,99,218.85,407.65,1945.45,1524.6,894.45,7497.55,16364.7,103.4,110.7,236.5,2067.7,415.2,27623.35,616.05,323.85,697.75,3057.35,1010.6,1433,6325.85,541.05,195.25,432.95,211.75
2416.45,4001.1,10250.45,653.5,749.65,5497.95,581.35,430,3331.2,807.35,139.25,4681.45,2584.65,145.4,1218,950.15,2741.3,1539.1,3389.7,308,2181.1,624.05,1065.9,1291.3,97.55,215.95,395.65,1938.75,1508.8,879.25,7323,16376.4,104.2,105.1,232.2,2080.3,399.55,27542.45,607.3,311.85,670.7,3071.85,993.95,1425.55,6208.5,552.8,190.8,429.95,208.55
2387.05,3971.55,10000.6,673.8,719.45,5376.85,570.3,422.55,3341.2,792.45,136.25,4469.25,2482.35,142.8,1230.5,920.15,2651.95,1548,3414.15,316.1,2167.6,609.85,1022.9,1265.2,95.65,207.05,406.1,1949.6,1452.2,837.1,7086.45,16096.3,102.05,106.3,224.95,2008.1,389.5,27090.85,595.3,304.5,684.55,2958.45,950.7,1405.25,6175.1,539.75,204.25,418.7,201.8
2372.2,3912.25,10008.65,662,715.95,5383.7,565.55,435.25,3335.95,790.95,136.9,4495.15,2514.7,147.35,1231.5,909.95,2628.6,1529.15,3405.45,333.05,2179.25,616.3,1048.3,1266.35,97.65,208.5,412.6,1872.95,1486.3,840.95,6970.5,16169.95,103.4,112.2,226.1,2023.45,395.6,27260.35,604.05,324,729.3,2980.2,945.75,1424.05,6268.45,566.4,208.55,415.5,201.95
2361.35,3931.85,10199.6,665.2,749.4,5562.9,572.95,438.7,3405.55,789.05,144.4,4435.55,2535.8,146.45,1250.2,916,2707.75,1606.45,3441.6,332.8,2178.85,641.1,1070,1274.3,97.95,208.85,408.1,1911.2,1526.6,849.6,6952.95,16346.15,103.2,113.6,222.75,2061,406.25,27553,601.45,321.65,727.7,2948.1,960.05,1451.85,6414.55,553.95,204.55,423.1,205.6
2373.75,3944.8,10264.45,704.3,770.65,5529.95,579.15,461.55,3405,809.15,156.1,4480.15,2551.95,150.8,1270.45,929.25,2684.7,1606.4,3434.4,350.7,2163.3,628,1109.75,1274.55,100.9,209.15,421.75,1895.5,1506.45,859,6930.35,16113.9,108,119.05,227.55,2144.35,407.25,27450.9,609.55,333.15,742.9,2995.3,957.8,1434.45,6383.3,593,208.15,421.3,208.6
2277.2,3798.7,9648.6,675.9,724.8,5264.9,556.3,449.85,3363.75,787.05,152.2,4426.55,2498.6,141.8,1200.8,909.45,2539.4,1534.4,3224,340.25,2132.05,597.75,1062.95,1253.3,98.05,203.85,395.45,1780.35,1442.5,806.4,6866.15,16101.6,107.3,111,214.3,2085.8,390.15,26501.7,594.6,322.95,715.15,2894.3,918.85,1406.9,6115,561.55,207.3,410.3,201
2362.3,3814.05,9774.05,692.9,728.55,5266.8,532.2,455.25,3411.8,789.8,154.35,4453.4,2556.15,144.5,1265.95,930.35,2606,1558.9,3350.2,344.1,2143.4,608.35,1067.95,1267,100.7,206.9,405.1,1845.4,1472.85,819.45,7015,16292.45,108.45,117.05,227.25,2101.7,394.95,27706.95,604.45,328.3,730.4,2924.2,936,1452.15,6365.05,590.6,213.6,414.4,216.85
2390.4,3944.05,9877,720.5,731.25,5316.3,541.2,469,3447.95,811.8,153.4,4404.7,2602.3,144.8,1294.75,953.75,2564,1568.2,3476.4,345.25,2177.95,610.5,1073.35,1304.5,102.2,209.9,413.3,1844.65,1485.65,860.05,7214.1,16576.15,112.55,113.5,225.05,2106,394.2,27658.75,614.2,345.75,735.5,3006.35,967.1,1471.15,6423.1,589.45,214.75,430.4,220.15
2402.1,3901.1,10395.6,729.85,753.95,5542.9,546.3,466.35,3481.15,812.5,154.9,4502.55,2599.05,146.95,1318.1,965.25,2654.9,1586.85,3424.35,359.35,2193.5,632.1,1099.75,1343.55,102.6,209.95,428.15,1899.5,1496.9,852.05,7124.7,16699.25,112.7,114,227.5,2202.1,405.05,27695.25,624.35,348.5,777.15,3059.1,976,1474.6,6500.5,613.6,219.3,435.5,222
2417.1,3879.05,10129.95,752.45,736.8,5485.9,539.6,463.9,3501.9,806.75,152.05,4575.05,2593.2,144.45,1350.4,958,2582.95,1552.05,3419.85,349.45,2196.9,620.75,1091.95,1330.35,101.45,209.7,414.1,1897.7,1462.6,845.25,7131.6,16661.8,110.8,112.7,225.15,2175.85,395.65,28676.6,618.95,339.2,757.95,3049.7,968.05,1470.5,6775.55,615.45,213.25,438.8,225.75
2387.1,3852.85,9958.1,748.95,730.75,5444.9,532.8,461.8,3491.75,805.15,151.1,4492.5,2587.75,147.15,1339.35,941.5,2543.9,1530,3461.7,337.85,2201.1,609.45,1039.9,1316.7,101.45,208.55,406.4,1922.5,1463.55,840.4,7249,16782.9,108.7,114.95,220.25,2178.7,383.65,27848.6,611.2,325.15,733.3,3008.05,959.7,1474.2,6810.3,591.55,219.25,420.85,218.05
2382.7,3798.75,9839.1,748.4,743.3,5320.65,525.7,466.7,3463.2,809.25,153.15,4492.25,2583.25,154.15,1344.25,961.9,2510.25,1519.5,3463.95,336.6,2174.55,608.05,1018.25,1335.75,103.6,208,407.85,1915.85,1515.2,851,7259.5,16852.45,110.55,118.25,220.15,2191.1,389.6,27185.05,614.8,321.25,737.25,3006.95,968.5,1456.75,6668.15,629.95,224.8,416.9,224.8
2422.7,3798.75,9969.15,750.75,745.45,5415.05,521.75,445.9,3426.75,797,151.7,4448.3,2592.7,149.05,1366.35,973.15,2577.3,1562.5,3448.85,333.25,2198.5,625.1,1024.8,1345.55,100.55,207.8,401.6,1978.95,1508.3,852,7301.55,16910.8,109.5,116.75,216,2191.05,387.6,27313.15,612.6,315.2,706.75,3050.95,988.15,1456.9,6697.4,624.9,224.5,419.2,220.35
2431.95,3867.55,9991.45,745.35,760.75,5545.05,525.85,445.5,3480.35,812.4,150.95,4500.4,2672.3,147.7,1385.05,988.5,2599.8,1555.75,3419.35,340.35,2227.85,625.6,1039.85,1368.15,98.85,206.5,414,1963.95,1524.2,863.8,7272.1,16931.45,109.65,114.4,215.15,2181.95,387.7,27555.8,626,321.45,724.5,3070.95,1008.75,1471.25,6764.05,621.3,226.25,426.7,221.65
2401.35,3746.4,9934.1,728.15,750.6,5557.85,524.2,457.55,3434.25,805.95,150.5,4426.5,2637.5,146.85,1379.5,979.25,2568,1551.95,3350.55,330.2,2204.75,612.85,1022.65,1374.85,101.3,205.2,418.75,1935.15,1514,855.8,7096.2,16722.45,109.1,115.05,220.05,2137.6,381.1,27701.5,613.6,317.55,719.95,3057.95,1003.25,1482.5,6638.15,620.3,221.4,425.2,218.8
2355,3664.65,9689.05,719.05,744.4,5439.05,522.85,460.55,3450.4,805.5,146.9,4342.25,2669.45,143.55,1384.1,992.35,2535.5,1528.65,3264.15,333.8,2210.85,603.5,1038.65,1373.6,101.05,205.45,429.65,1918.65,1483.75,844.4,7089.3,16833.05,110.5,114.35,224.15,2108.9,383.9,27644.55,605.5,318.55,736.4,3066.15,1026.65,1492.2,6561.45,621.35,226.25,426.35,213.25
2468.6,3654.45,9613.3,717.35,737.75,5455.95,529.3,453.85,3489.1,792.3,145.7,4449.7,2661.05,143.25,1384.5,1007.25,2510.4,1512.15,3255.05,333.9,2244.05,594.95,1034.7,1384,100.4,207.85,425.95,1903.2,1461.8,842.85,7150.3,16741.95,109.55,115.1,224.45,2100.6,378.55,27430.8,602.3,319.95,724.05,3110.05,1026.55,1500.95,6639.95,620.25,226.5,429.3,210.85
2422.95,3569.6,9525.1,688.25,727.9,5359.8,522.9,432.05,3467.9,772.15,139.85,4355.85,2647,138.4,1367.1,987.45,2515.55,1495.35,3190.55,326.4,2226.3,589.5,1008.95,1387,98.2,210.6,422.5,1868.35,1437.65,836.95,7064.65,16455.75,106.55,109.35,220.45,2055.35,368.15,26842.2,584.75,305.8,704.4,3112.95,1020.05,1472.55,6520.25,609.2,224.8,419.65,203.35
2404.55,3664.5,9430.15,679.65,718.75,5371.85,527.2,426.9,3439.65,755.15,137.05,4212.75,2664.6,135.1,1387.8,947.75,2514.6,1491,3107.2,331.8,2215.2,578.6,1002.8,1337.1,97.25,217.65,423.15,1830.4,1428.1,845.65,7113.75,16201.25,103.8,110.2,221.05,2009.1,367.1,26595.5,574.55,307,704.85,3036.5,996.2,1468.2,6510.05,601.3,221.85,410.15,207.1
2411.25,3650.05,9440.65,686.25,726.25,5453.25,529.95,432.95,3466.6,760.65,136.3,4274.45,2661.5,138.5,1411.25,960.45,2531.65,1497.5,3119.15,335.1,2312.05,586.65,1011.9,1344.45,98.75,222.95,440.55,1834.15,1411.25,850.3,7113.55,16450.85,108.5,110.5,230.2,2082,371.15,26936.7,578.3,308.95,733,3050.2,989.45,1465.45,6672,625.45,222.2,410.5,215.85
2425.7,3664.75,9405.85,721.9,716.2,5389.35,528,439.35,3564.4,772.85,135.65,4353.95,2676.85,136.8,1413.9,978.75,2531.85,1469.15,3095.85,339.75,2353.2,573.45,968.15,1370.8,99.15,226,445.3,1822.65,1400.05,853.05,7101.25,16588.05,109.85,109.6,223.55,2062.4,367,26954.5,591,303.05,743.5,3129.65,1013.55,1460.3,6728,628.15,223.6,414.45,214.3
2410.3,3678.35,9405.2,738.55,730.55,5378.8,529.25,436.5,3568.4,776.1,135.25,4372.25,2702.75,134.4,1411.25,980.85,2509.9,1500.15,3067.45,331.7,2337.3,586.4,990.05,1371.55,96.75,222.2,441.8,1812.65,1404.35,844.65,7186.25,16681.35,108.65,107.15,219,2087.5,372.7,28312.2,587.85,307.4,741.15,3142.6,1013.85,1495.35,6939.1,633.35,223.75,415.5,212.65
2443.55,3603.55,9202.05,706.85,706.4,5270.3,523.65,429.95,3537.75,792.95,132.3,4350.5,2660.65,131,1387.65,975.65,2465.75,1478.8,3033.85,317.75,2318.6,567.5,958.7,1353.75,94.55,215.95,437.35,1782.45,1369.15,811.4,7066.2,16448.1,106,104.8,221.05,2047.3,359.85,27803.3,585.3,294.45,702.8,3121.1,992.15,1488.15,6858.65,608.85,223.4,411,205.2
2402.2,3501.6,9057.55,688.25,694.6,5122.2,507.75,418.95,3443.85,787.25,128.1,4380.55,2580.45,128,1372.75,957.05,2470.75,1463.35,2941.65,314,2237.05,571.55,957.8,1333.8,90.9,211.6,438,1762.9,1371.1,791.7,6786.85,16170.1,103,102,216.4,1991.45,355.2,27580.35,575.75,285.55,723.15,3064.85,968.7,1450.85,6666.5,595.65,222.5,399.65,196.1
2505.15,3600.05,9467.45,703.05,698.2,5183.05,522.5,424.2,3504.6,787.45,129.6,4406,2560.55,131.8,1405.6,958.55,2532.75,1491.3,2937.8,327.15,2317.9,578.55,952.75,1336.2,90.9,210.9,445.2,1771.05,1398.3,799.35,6784.45,16571.75,104.2,102.4,214.6,1994.65,357.2,28116.2,587.2,296.4,766.85,3066.8,991,1505.85,6735.25,585.4,226.85,403.9,199.95
2578.05,3666.7,9502.35,710.55,695.35,5193.55,521.5,430.8,3616,812.2,132.95,4518.2,2639.95,132.35,1422.6,995.8,2605.65,1553.7,2963.85,326.3,2398.75,591.45,961.05,1385.3,91.55,214.55,467.45,1781.25,1423.55,795,6851.8,17165,107.7,103.5,221.35,2029.3,360.8,29094.45,597.7,297.05,800,3158.55,1016.9,1552.2,6785.6,627.95,230.1,418.1,200.95
2537.4,3670.6,9668.6,702.4,697.45,5149.85,517.3,427.95,3625.05,815.1,130.35,4516,2603.95,135.5,1450.55,982.65,2498.1,1493.65,2913.6,326.85,2431.5,582.1,954.45,1368.05,91.85,218.5,468.45,1753,1418.9,795.25,6859.2,17165.2,106.55,102.15,215.65,2003.1,364.3,29465.4,597.8,301.8,811.85,3177.85,991.45,1558.05,6737.95,641.85,228.75,414.15,203.2
2551.75,3743.05,9789.5,736.25,713,5272.15,520.8,437.4,3618.5,818.3,132.15,4587.65,2631.15,140.15,1454.5,1002.6,2531.45,1486.75,2956.1,350.25,2399.1,594.4,993.3,1385.2,93.15,220.05,508.75,1804.55,1444.6,807.6,6923.9,17083.15,107.9,104.35,218.7,2021.85,370.65,29951.95,610.75,307.75,863.05,3165,992.15,1559.35,6898.85,653.6,231.25,416.4,209.25
2510.65,3598.5,9481.65,742.25,685.25,4962.5,528.25,428.05,3700.35,819.75,129.8,4556.6,2517.2,134.95,1446.5,1033.5,2445.85,1449.6,2886.9,350.65,2373.2,571.25,937.35,1409.9,90.75,212.55,517.5,1759.2,1403.8,774.45,6768.55,16880.55,106.3,103.45,214.15,1992.6,353.55,30358.25,608.8,305.05,867.75,3238.9,997.7,1535,6795.8,646.25,231.75,425.45,202.15
2611.6,3615.5,9519.5,835.55,677.9,4993.1,532.2,428.1,3730.6,836.15,130.3,4619.25,2486.6,134.55,1432.55,1028.4,2472.3,1440.25,2887.95,350.45,2408.3,565.9,927.25,1411.05,91.15,212.65,537.45,1768.3,1401,781.1,6751.3,17081.7,106.05,103.95,209.2,1984.3,350.55,30114.1,620.45,307.75,862.85,3264.7,991.35,1525.5,6736.65,661.35,233.55,427.15,199.9
2628.6,3680.2,9539.6,814.75,688.25,5077.1,541.6,428.2,3808.55,840.85,131.25,4692.65,2538.2,138.65,1437.4,1037.2,2482.7,1447.2,2941.6,352.2,2405.25,577.65,945.55,1430.2,92.7,213.8,562.3,1792,1404.15,796.3,6865,17409.85,105.45,104.65,210.55,2002.85,358.55,30230.65,621.05,307.8,874.85,3271.4,1002.4,1514.1,6760.05,654.45,236.85,438,200.4
2650.65,3649.8,9654.8,823,681.6,5029.5,543,430.55,3816.75,842,131.65,4689.05,2553,138.55,1447.8,1037.5,2502.55,1432.8,2928,365.2,2409.9,576.7,934.9,1439.85,92.95,213.25,614.1,1783.25,1419.15,795.15,6826.85,17689.9,105,103.6,209,2005.35,355.6,31582.65,614.25,313.95,918.4,3317.35,1029,1571.3,6971.25,651.6,237.75,442.1,201.95
2630.8,3651.3,9629.05,823.6,668.2,4872.3,545.25,425.6,3797.7,883.05,129.5,4760.3,2521.6,138.8,1440,1045.4,2513.9,1421.75,2912.9,361.05,2476,566.2,923.65,1441.05,91.7,213.1,621,1799.25,1404.1,791.15,6827.1,17592.4,102.8,103.8,208.3,1982.05,353,31748.75,636.75,318.2,899.5,3322.25,1053,1592,6825.85,634.9,231.35,450.1,206.05
2602.2,3541,9163.15,744.65,635.6,4511,522.45,403.95,3812.75,902.4,124.7,4996.95,2427.2,132.75,1376.6,1009.4,2419.85,1367.05,2786.1,336.2,2462,538.55,844.4,1425.75,87,205.3,604.15,1742.5,1345.15,751.5,6520.6,17501.7,99.05,98.05,201.15,1911.15,328.85,29881.05,619.35,286.55,851.55,3246.55,1039.85,1510.45,6509.4,589.55,213.2,432.6,181.1
2570.7,3602.45,9806.7,731.05,661,4728.75,536.15,409.4,3746,885.2,127.95,4777.3,2493.85,138.9,1392.2,983.4,2512.95,1400.35,2865.35,348.7,2454.4,560.6,877.4,1397.15,88.8,208.7,630.35,1775.85,1373.7,811.25,6815.8,17168.85,100.6,102.05,208.75,1931.8,341,30356.05,627.35,302.85,879,3104.05,1001.85,1530.6,6604.45,604.6,218.45,418.95,188.05
2587.7,3597.5,9739.7,750.35,668.85,4660.3,539.35,404.85,3692.7,914.2,128.25,4845.55,2412.6,140.6,1349.25,991.9,2547.15,1430.1,2862.55,353.55,2460.65,575.2,858.35,1360.75,90.1,206.7,629.1,1773.25,1374.65,805.1,6644.25,16875.65,101.35,105.1,207.8,1944.3,342.7,30305.4,633.25,303.5,898.2,3218.95,993.15,1538.55,6539.3,607.35,225.35,430.7,189.2
2663.7,3634.65,9824.75,755.5,669.2,4616.6,540.75,413.8,3696.5,938.05,127.85,4893.25,2434.85,139.6,1353.2,1012.75,2574.05,1428.65,2894.85,370,2458.9,566.95,862.95,1353.75,90.15,207.95,619.4,1764.1,1359.15,821.65,6648.1,17252.1,102.45,107.3,209.85,1932.1,339.9,30821.1,646.05,310,890.25,3195.15,1010.3,1549.05,6715.2,611.75,231.8,469.2,193.95
2571.9,3515.55,9469.9,720.95,648.15,4479.6,526.45,408.75,3742.8,946.3,124.6,4968.1,2370.35,136.4,1324.7,994.6,2492.35,1412.4,2785.55,361.4,2436.65,559.75,832,1362.55,88.1,205.6,615.8,1700.75,1310.45,794.95,6511.75,17089.95,99.05,103.05,201.2,1901.7,331.15,30057.75,640.65,301.4,888.05,3161.8,1000.1,1518.7,6509.75,597.45,228.05,472.75,190.35
2553.65,3600.9,9819.4,720.45,651.75,4613.65,530.2,408.1,3729.9,949.3,124.5,5156.75,2340,134.4,1291.9,961.3,2415.9,1391.4,2823.7,359.35,2397.45,559.1,845,1351.35,87.8,203.55,620.6,1697.7,1331.5,811.15,6646.65,17095.65,99.05,102.85,203.7,1901.15,329.5,29320.7,645.15,298.05,894,3144.55,983.4,1522.9,6200.85,591.75,226.1,470.1,197.4
2511.25,3681.4,9853.85,737.8,658.7,4688.7,530.85,418.35,3752,944.35,125.05,5199.85,2337.85,133,1300.2,961.9,2479.7,1422.5,2851.15,355.85,2349.4,579.2,835.7,1351.1,87.85,205.9,640.75,1736.05,1336.8,799.7,6650.1,16790.45,98.95,103.1,203.45,1906.4,336.65,28521.95,639.95,294.55,921.4,3118.8,967.8,1480.85,6092.3,591.6,226.5,486.65,192.3
2517.95,3672.5,9916.65,725.35,671.35,4667.8,522.6,423.05,3650.3,935.6,126.15,5066.7,2317.3,129.4,1278.1,955.65,2497.35,1414.15,2864.05,349.5,2307.75,569.95,850,1333.8,88.05,205.35,635.4,1734.2,1322.9,777.9,6676.1,16625.7,102.55,102.4,211.15,1904.35,336.45,28106.3,637.95,294,925.6,3109.5,950.2,1461.45,6067.9,585.4,228,475.7,188
2557.9,3738.85,10001.75,730.75,700.45,4736.55,527.55,418.9,3539.2,905.4,126.95,5066.7,2369.85,130,1312.35,928.8,2509.8,1404.8,2864.55,348.35,2360.65,591.1,859.55,1343.55,88.2,205.3,655.8,1759.65,1335.9,780.5,6638.9,16870.6,102.4,102.8,215.8,1937.85,344.3,28062.6,634.7,295.4,940.75,3100.8,962.2,1479.85,6275.9,590.65,236.65,480.3,186.4
2574.35,3785.5,10091.35,749.15,699.55,4865.05,534.3,420.35,3541.2,912.4,127.5,5057.25,2400.1,131.55,1331.2,928.85,2518.4,1438.7,2905.5,366.25,2379.85,598.75,882.45,1348.5,88.85,205.4,665.9,1750.3,1380.65,778.4,6568.75,16779,102.05,103.2,216.65,1988.65,353.05,28098.55,639.25,301.5,977.75,3132,969.25,1495.1,6326.8,597.45,243.35,485.05,188.15
2614.55,3889.75,10489.3,746.25,708.15,5280.9,544.3,417.5,3478.75,910.2,128.5,5044.45,2521.2,133.35,1341.15,923.8,2577,1476.8,2926.25,362.6,2406.55,621.35,926.9,1356,89.4,205.5,662.65,1811.45,1375.9,782.1,6573.8,16633.8,103.6,103.9,220.9,1997.3,363.4,28687.55,643.4,305.9,971.4,3124.1,977.4,1508.85,6360.8,608.05,243.9,489.3,189.1
2613.45,3836.45,11176.55,746.75,719.4,5484.85,540.85,419.55,3468.9,906.5,128.05,5102.3,2462.9,134.8,1350.7,909.55,2538.85,1472.5,2860.1,372.15,2407.6,621.45,939.45,1356.35,88.9,204.3,726.5,1805,1358.65,774.6,6565.65,16502.55,103.05,104.05,220.15,2024.05,359.4,28444.35,644.5,301.9,1031.35,3115.25,976.9,1506.8,6382.45,615.8,255.05,489.85,186.55
2536.4,3833.75,11041.65,730.05,714.9,5451.9,536.75,421.8,3449,910.35,133.05,5163.1,2421.65,137.2,1401.75,898.95,2420.1,1412.3,2819.15,364.4,2353.75,600.5,934.95,1354.35,90.85,202.6,717.85,1748.8,1340.45,752.55,6455.65,16309.25,102.45,108.15,220.05,1994.5,353.5,27910.5,654.45,293.85,1034,3035.65,960.4,1491.65,6278.95,606.9,257.25,492.75,185.6
